Chain ID,Residue name,Residue sequence,Conf 41
A,GLN,19,
A,VAL,20,
A,CYS,22,
A,GLY,23,
A,THR,24,
A,THR,25,-0.0167
A,THR,26,-0.0344
A,LEU,27,-0.1243
A,ASN,28,-0.0284
A,CYS,38,
A,PRO,39,-0.0348
A,ARG,40,
A,HIS,41,-0.3793
A,VAL,42,
A,ILE,43,
A,CYS,44,
A,THR,45,
A,SER,46,
A,GLU,47,
A,ASP,48,
A,MET,49,-0.2632
A,LEU,50,
A,ASN,51,
A,PRO,52,
A,TYR,54,-0.0051
A,LEU,57,
A,CYS,85,
A,CYS,117,-0.0096
A,TYR,118,-0.0828
A,ASN,119,
A,GLY,138,
A,SER,139,
A,PHE,140,-0.1988
A,LEU,141,0.4650
A,ASN,142,-0.6462
A,GLY,143,-0.4072
A,SER,144,-0.6463
A,CYS,145,3.7055
A,GLY,146,-0.0458
A,SER,147,-0.0254
A,MET,162,
A,HIS,163,-0.3570
A,HIS,164,-0.3244
A,MET,165,-0.1338
A,GLU,166,-0.7983
A,LEU,167,-0.2964
A,PRO,168,-0.4275
A,THR,169,
A,GLY,170,
A,VAL,171,
A,HIS,172,-0.0303
A,ALA,173,-0.0121
A,PHE,181,-0.0085
A,PHE,185,
A,VAL,186,-0.0273
A,ASP,187,-0.0617
A,ARG,188,-0.1353
A,GLN,189,-1.1105
A,THR,190,-0.1980
A,ALA,191,-0.0801
A,GLN,192,-0.0783
A,ALA,193,
A,ALA,194,

Intra-Ligand Free,,,1.1723
Inter-Ligand Free,,,-2.8570
Total Free Energy,,,-1.6847
Normalized Total Free Energy,,,-0.6511
