Chain ID,Residue name,Residue sequence,Conf 9
A,GLN,19,
A,VAL,20,-0.0169
A,THR,21,
A,CYS,22,
A,GLY,23,
A,THR,24,-0.0443
A,THR,25,-0.2479
A,THR,26,-0.2277
A,LEU,27,-0.2876
A,ASN,28,-0.0819
A,CYS,38,
A,PRO,39,-0.0796
A,ARG,40,-0.0107
A,HIS,41,-0.4696
A,VAL,42,-0.1728
A,ILE,43,-0.0089
A,CYS,44,-0.0874
A,THR,45,-0.0493
A,SER,46,-0.0217
A,GLU,47,
A,ASP,48,
A,MET,49,-0.2878
A,LEU,50,-0.0085
A,ASN,51,
A,PRO,52,
A,TYR,54,-0.0028
A,LEU,57,
A,CYS,85,
A,CYS,117,-0.0110
A,TYR,118,-0.0868
A,ASN,119,-0.0229
A,TYR,126,
A,GLY,138,
A,SER,139,-0.0336
A,PHE,140,-0.3190
A,LEU,141,-0.3148
A,ASN,142,-0.6993
A,GLY,143,-0.2549
A,SER,144,-0.3600
A,CYS,145,-0.4093
A,GLY,146,-0.0479
A,SER,147,-0.0123
A,TYR,161,-0.0030
A,MET,162,
A,HIS,163,-0.3498
A,HIS,164,-0.3718
A,MET,165,-0.6195
A,GLU,166,-0.7859
A,LEU,167,-0.4896
A,PRO,168,-0.3315
A,THR,169,-0.0306
A,GLY,170,-0.0248
A,VAL,171,-0.0219
A,HIS,172,-0.1761
A,ALA,173,-0.0190
A,GLY,174,
A,PHE,181,
A,PHE,185,
A,VAL,186,-0.0382
A,ASP,187,-0.0765
A,ARG,188,-0.2070
A,GLN,189,-0.6543
A,THR,190,-0.3310
A,ALA,191,-0.1951
A,GLN,192,-0.3676
A,ALA,193,
A,ALA,194,

Intra-Ligand Free,,,-0.4129
Inter-Ligand Free,,,-13.5077
Total Free Energy,,,-13.9207
Normalized Total Free Energy,,,-8.9713
