Chain ID,Residue name,Residue sequence,Conf 21
A,GLN,19,
A,VAL,20,
A,CYS,22,
A,THR,24,
A,THR,25,-0.0747
A,THR,26,-0.0971
A,LEU,27,-0.0812
A,ASN,28,
A,PRO,39,
A,ARG,40,
A,HIS,41,-0.1605
A,VAL,42,
A,ILE,43,
A,CYS,44,
A,THR,45,
A,SER,46,
A,GLU,47,
A,ASP,48,
A,MET,49,-0.0247
A,LEU,50,
A,ASN,51,
A,PRO,52,
A,TYR,54,
A,CYS,117,
A,TYR,118,
A,ASN,119,
A,GLY,120,
A,GLY,138,
A,SER,139,
A,PHE,140,-0.1530
A,LEU,141,-0.2029
A,ASN,142,-0.3387
A,GLY,143,-0.1166
A,SER,144,-0.0215
A,CYS,145,-0.2178
A,GLY,146,
A,SER,147,
A,TYR,161,
A,HIS,163,-0.1462
A,HIS,164,-0.0391
A,MET,165,-0.4171
A,GLU,166,-0.5324
A,LEU,167,-0.0155
A,PRO,168,-0.2367
A,THR,169,
A,GLY,170,
A,VAL,171,
A,HIS,172,-0.0011
A,ALA,173,
A,PHE,181,
A,PHE,185,
A,VAL,186,
A,ASP,187,
A,ARG,188,-0.0897
A,GLN,189,-0.5873
A,THR,190,-0.1446
A,ALA,191,-0.0010
A,GLN,192,-0.0101
A,ALA,193,

Intra-Ligand Free,,,-5.7480
Inter-Ligand Free,,,-12.5333
Total Free Energy,,,-18.2813
Normalized Total Free Energy,,,-4.0015
