Chain ID,Residue name,Residue sequence,Conf 13
A,VAL,20,-0.0072
A,THR,21,
A,CYS,22,
A,GLY,23,
A,THR,24,-0.0130
A,THR,25,-0.1516
A,THR,26,-0.1972
A,LEU,27,-0.2502
A,ASN,28,-0.0484
A,GLY,29,
A,PRO,39,-0.0239
A,ARG,40,
A,HIS,41,-0.5447
A,VAL,42,-0.0822
A,ILE,43,
A,CYS,44,-0.0156
A,THR,45,-0.0114
A,SER,46,-0.0160
A,GLU,47,
A,ASP,48,
A,MET,49,-0.4127
A,LEU,50,-0.0081
A,ASN,51,
A,PRO,52,
A,TYR,54,-0.0073
A,LEU,57,
A,CYS,85,
A,CYS,117,-0.0037
A,TYR,118,-0.0502
A,ASN,119,-0.0036
A,GLY,120,
A,GLY,138,
A,SER,139,
A,PHE,140,-0.2205
A,LEU,141,-0.3540
A,ASN,142,-0.7564
A,GLY,143,-0.4544
A,SER,144,-0.3416
A,CYS,145,-0.5508
A,GLY,146,-0.0258
A,SER,147,
A,TYR,161,
A,HIS,163,-0.3786
A,HIS,164,-0.4259
A,MET,165,-0.9948
A,GLU,166,-0.9280
A,LEU,167,-0.4154
A,PRO,168,-0.4521
A,THR,169,-0.0235
A,GLY,170,-0.0080
A,VAL,171,-0.0144
A,HIS,172,-0.1052
A,ALA,173,-0.0229
A,PHE,181,-0.0076
A,PHE,185,
A,VAL,186,-0.0499
A,ASP,187,-0.1240
A,ARG,188,-0.3274
A,GLN,189,-1.2993
A,THR,190,-0.4062
A,ALA,191,-0.1647
A,GLN,192,-0.3296
A,ALA,193,
A,ALA,194,

Intra-Ligand Free,,,-1.4462
Inter-Ligand Free,,,-10.7474
Total Free Energy,,,-12.1936
Normalized Total Free Energy,,,-7.4102
