Chain ID,Residue name,Residue sequence,Conf 24
A,VAL,20,
A,THR,21,
A,CYS,22,
A,GLY,23,
A,THR,24,
A,THR,25,-0.0303
A,THR,26,-0.0373
A,LEU,27,-0.0388
A,ASN,28,
A,CYS,38,
A,PRO,39,
A,ARG,40,
A,HIS,41,-0.1240
A,VAL,42,
A,ILE,43,
A,CYS,44,
A,THR,45,
A,SER,46,
A,GLU,47,
A,ASP,48,
A,MET,49,-0.0249
A,LEU,50,
A,ASN,51,
A,PRO,52,
A,TYR,54,
A,LEU,57,
A,CYS,85,
A,CYS,117,
A,TYR,118,
A,ASN,119,
A,TYR,126,
A,GLY,138,
A,SER,139,
A,PHE,140,
A,LEU,141,-0.0085
A,ASN,142,-0.0814
A,GLY,143,-0.1169
A,SER,144,-0.0002
A,CYS,145,-0.1951
A,GLY,146,
A,SER,147,
A,TYR,161,
A,HIS,163,
A,HIS,164,-0.0900
A,MET,165,-0.3217
A,GLU,166,-0.4181
A,LEU,167,-0.0300
A,PRO,168,-0.1210
A,THR,169,
A,GLY,170,
A,VAL,171,
A,HIS,172,
A,ALA,173,
A,PHE,181,
A,PHE,185,
A,VAL,186,
A,ASP,187,
A,ARG,188,-0.0459
A,GLN,189,-0.3587
A,THR,190,-0.1479
A,ALA,191,
A,GLN,192,-0.0009
A,ALA,193,
A,ALA,194,

Intra-Ligand Free,,,0.5924
Inter-Ligand Free,,,-8.4692
Total Free Energy,,,-7.8768
Normalized Total Free Energy,,,-5.6514
