Chain ID,Residue name,Residue sequence,Conf 5
A,VAL,20,
A,THR,21,
A,CYS,22,
A,GLY,23,
A,THR,24,
A,THR,25,-0.0975
A,THR,26,-0.2189
A,LEU,27,-0.0254
A,ASN,28,
A,PRO,39,
A,ARG,40,
A,HIS,41,-0.0261
A,VAL,42,
A,ILE,43,
A,CYS,44,
A,THR,45,
A,SER,46,
A,GLU,47,
A,ASP,48,
A,MET,49,-0.0635
A,LEU,50,
A,ASN,51,
A,PRO,52,
A,TYR,54,
A,CYS,117,
A,TYR,118,
A,ASN,119,
A,GLY,138,
A,SER,139,
A,PHE,140,
A,LEU,141,
A,ASN,142,-0.3050
A,GLY,143,-0.2345
A,SER,144,-0.0012
A,CYS,145,-0.1749
A,GLY,146,
A,SER,147,
A,TYR,161,
A,HIS,163,
A,HIS,164,-0.0865
A,MET,165,-0.4061
A,GLU,166,-0.6686
A,LEU,167,-0.0652
A,PRO,168,-0.2211
A,THR,169,
A,GLY,170,
A,VAL,171,
A,HIS,172,
A,ALA,173,
A,PHE,181,
A,PHE,185,
A,VAL,186,
A,ASP,187,
A,ARG,188,-0.0128
A,GLN,189,-0.5379
A,THR,190,-0.1809
A,ALA,191,-0.1026
A,GLN,192,-0.0021
A,ALA,193,

Intra-Ligand Free,,,-3.6663
Inter-Ligand Free,,,-11.8290
Total Free Energy,,,-15.4953
Normalized Total Free Energy,,,-5.3730
