Chain ID,Residue name,Residue sequence,Conf 12
A,GLN,19,
A,VAL,20,-0.0064
A,THR,21,
A,CYS,22,
A,GLY,23,
A,THR,24,-0.0707
A,THR,25,-0.2295
A,THR,26,-0.2896
A,LEU,27,-0.2761
A,ASN,28,-0.0049
A,PRO,39,-0.0032
A,ARG,40,
A,HIS,41,-0.4125
A,VAL,42,-0.0474
A,ILE,43,
A,CYS,44,-0.0266
A,THR,45,-0.0184
A,SER,46,-0.0174
A,GLU,47,
A,ASP,48,
A,MET,49,-0.2810
A,LEU,50,-0.0128
A,ASN,51,
A,PRO,52,
A,TYR,54,-0.0036
A,CYS,117,-0.0045
A,TYR,118,-0.0707
A,ASN,119,-0.0309
A,GLY,138,
A,SER,139,-0.0037
A,PHE,140,-0.2277
A,LEU,141,-0.3871
A,ASN,142,-0.9097
A,GLY,143,-0.4862
A,SER,144,-0.4579
A,CYS,145,-0.5852
A,GLY,146,-0.0208
A,SER,147,-0.0110
A,TYR,161,
A,HIS,163,-0.3849
A,HIS,164,-0.3991
A,MET,165,-1.0734
A,GLU,166,-0.9479
A,LEU,167,-0.3725
A,PRO,168,-0.3181
A,THR,169,-0.0126
A,GLY,170,
A,VAL,171,-0.0199
A,HIS,172,-0.1141
A,ALA,173,-0.0315
A,PHE,181,-0.0038
A,PHE,185,
A,VAL,186,-0.0239
A,ASP,187,-0.0613
A,ARG,188,-0.2446
A,GLN,189,-1.0692
A,THR,190,-0.3236
A,ALA,191,-0.1170
A,GLN,192,-0.2612
A,ALA,193,-0.0043
A,ALA,194,

Intra-Ligand Free,,,-1.0235
Inter-Ligand Free,,,-10.5008
Total Free Energy,,,-11.5244
Normalized Total Free Energy,,,-7.0632
