Chain ID,Residue name,Residue sequence,Conf 75
A,GLN,19,
A,VAL,20,
A,THR,21,
A,CYS,22,
A,GLY,23,
A,THR,24,
A,THR,25,-0.0692
A,THR,26,-0.0995
A,LEU,27,-0.1902
A,ASN,28,-0.0187
A,PRO,39,-0.0131
A,ARG,40,
A,HIS,41,-0.3519
A,VAL,42,-0.0355
A,ILE,43,
A,CYS,44,-0.0174
A,THR,45,
A,SER,46,
A,GLU,47,
A,ASP,48,
A,MET,49,-0.1959
A,LEU,50,-0.0041
A,ASN,51,
A,PRO,52,
A,TYR,54,
A,CYS,117,-0.0048
A,TYR,118,-0.0817
A,ASN,119,
A,GLY,138,
A,SER,139,-0.0043
A,PHE,140,-0.2128
A,LEU,141,-0.2129
A,ASN,142,-0.4370
A,GLY,143,-0.1663
A,SER,144,-0.2677
A,CYS,145,-0.2740
A,GLY,146,-0.0252
A,SER,147,-0.0110
A,TYR,161,
A,HIS,163,-0.3662
A,HIS,164,-0.3114
A,MET,165,-0.4484
A,GLU,166,-0.4681
A,LEU,167,-0.2939
A,PRO,168,-0.1930
A,THR,169,-0.0129
A,GLY,170,
A,VAL,171,-0.0070
A,HIS,172,-0.0868
A,ALA,173,-0.0160
A,PHE,181,
A,PHE,185,
A,VAL,186,-0.0393
A,ASP,187,-0.0742
A,ARG,188,-0.1460
A,GLN,189,-0.5038
A,THR,190,-0.2069
A,ALA,191,-0.1469
A,GLN,192,-0.2341
A,ALA,193,-0.0038

Intra-Ligand Free,,,-0.7633
Inter-Ligand Free,,,-9.2932
Total Free Energy,,,-10.0564
Normalized Total Free Energy,,,-4.5295
