Chain ID,Residue name,Residue sequence,Conf 132
A,GLN,19,
A,VAL,20,
A,THR,21,
A,CYS,22,
A,GLY,23,
A,THR,24,
A,THR,25,
A,THR,26,
A,LEU,27,
A,ASN,28,
A,CYS,38,
A,PRO,39,
A,ARG,40,
A,HIS,41,
A,VAL,42,
A,ILE,43,
A,CYS,44,
A,THR,45,
A,SER,46,
A,GLU,47,
A,ASP,48,
A,MET,49,
A,LEU,50,
A,ASN,51,
A,PRO,52,
A,TYR,54,
A,LEU,57,
A,CYS,85,
A,CYS,117,
A,TYR,118,
A,ASN,119,
A,TYR,126,
A,GLY,138,
A,SER,139,
A,PHE,140,-0.1121
A,LEU,141,-0.0247
A,ASN,142,
A,GLY,143,-0.1645
A,SER,144,-0.2789
A,CYS,145,-0.0398
A,GLY,146,
A,SER,147,
A,TYR,161,
A,MET,162,
A,HIS,163,-0.4201
A,HIS,164,-0.1896
A,MET,165,
A,GLU,166,-0.7473
A,LEU,167,
A,PRO,168,
A,THR,169,
A,GLY,170,
A,VAL,171,
A,HIS,172,
A,ALA,173,
A,GLY,174,
A,PHE,181,
A,PHE,185,
A,VAL,186,
A,ASP,187,
A,ARG,188,
A,GLN,189,-0.2190
A,THR,190,
A,ALA,191,
A,GLN,192,
A,ALA,193,
A,ALA,194,

Intra-Ligand Free,,,-1.1833
Inter-Ligand Free,,,-7.1449
Total Free Energy,,,-8.3283
Normalized Total Free Energy,,,-5.0028
