Chain ID,Residue name,Residue sequence,Conf 156
A,GLN,19,
A,VAL,20,
A,THR,21,
A,CYS,22,
A,GLY,23,
A,THR,24,-0.0182
A,THR,25,-0.1291
A,THR,26,-0.1845
A,LEU,27,-0.3352
A,ASN,28,-0.0607
A,CYS,38,-0.0036
A,PRO,39,-0.1278
A,ARG,40,-0.0043
A,HIS,41,2.4955
A,VAL,42,-0.0708
A,ILE,43,
A,CYS,44,-0.0072
A,THR,45,
A,SER,46,-0.0037
A,GLU,47,
A,ASP,48,
A,MET,49,-0.1364
A,LEU,50,
A,ASN,51,
A,PRO,52,
A,TYR,54,
A,LEU,57,
A,CYS,85,
A,CYS,117,
A,TYR,118,-0.0149
A,ASN,119,-0.0070
A,GLY,138,
A,SER,139,
A,PHE,140,-0.1640
A,LEU,141,-0.3357
A,ASN,142,-0.5937
A,GLY,143,-0.3304
A,SER,144,-0.3487
A,CYS,145,22.1804
A,GLY,146,-0.0573
A,SER,147,-0.0124
A,TYR,161,
A,MET,162,-0.0072
A,HIS,163,-0.4137
A,HIS,164,1.5526
A,MET,165,-0.5158
A,GLU,166,-0.5406
A,LEU,167,-0.2788
A,PRO,168,-0.3736
A,THR,169,-0.0163
A,GLY,170,-0.0185
A,VAL,171,-0.0153
A,HIS,172,-0.0804
A,ALA,173,-0.0093
A,PHE,181,
A,PHE,185,
A,VAL,186,
A,ASP,187,-0.0042
A,ARG,188,-0.0223
A,GLN,189,-0.4620
A,THR,190,-0.0697
A,ALA,191,-0.0197
A,GLN,192,-0.0036
A,ALA,193,
A,ALA,194,

Intra-Ligand Free,,,-0.2845
Inter-Ligand Free,,,19.9848
Total Free Energy,,,19.7003
Normalized Total Free Energy,,,14.9398
