Chain ID,Residue name,Residue sequence,Conf 1,Conf 2,Conf 3,Conf 4,Conf 5,Conf 6,Conf 7,Conf 8,Conf 9,Conf 10,Conf 11,Conf 12,Conf 13,Conf 14,Conf 15,Conf 16,Conf 17,Conf 18,Conf 19,Conf 20,Conf 21,Conf 22,Conf 23,Conf 24,Conf 25,Conf 26,Conf 27,Conf 28,Conf 29,Conf 30,Conf 31,Conf 32,Conf 33,Conf 34,Conf 35,Conf 36,Conf 37,Conf 38,Conf 39,Conf 40,Conf 41,Conf 42,Conf 43,Conf 44,Conf 45,Conf 46,Conf 47,Conf 48,Conf 49,Conf 50,Conf 51,Conf 52,Conf 53,Conf 54,Conf 55,Conf 56,Conf 57,Conf 58,Conf 59,Conf 60,Conf 61,Conf 62,Conf 63,Conf 64,Conf 65,Conf 66,Conf 67,Conf 68,Conf 69,Conf 70,Conf 71,Conf 72,Conf 73,Conf 74,Conf 75,Conf 76,Conf 77,Conf 78,Conf 79,Conf 80,Conf 81,Conf 82,Conf 83,Conf 84,Conf 85,Conf 86,Conf 87,Conf 88,Conf 89,Conf 90,Conf 91,Conf 92,Conf 93,Conf 94,Conf 95,Conf 96,Conf 97,Conf 98,Conf 99,Conf 100,Conf 101,Conf 102,Conf 103,Conf 104,Conf 105,Conf 106,Conf 107,Conf 108,Conf 109,Conf 110,Conf 111,Conf 112,Conf 113,Conf 114,Conf 115
A,GLN,19,,,,,,,,,,,,,,,,,,,,,,,,,,,,,,,,,,,,,,,,,,,,,,,,,,,,,,,,,,,,,,,,,,,,,,,,,,,,,,,,,,,,,,,,,,,,,,,,,,,,,,,,,,,,,,,,,,,
A,VAL,20,,,,,,,,,,,,,,,,,,,,,,,,,,,,,,,,,,,,,,,,,,,,,,,,,,,,,,,,,,,,,,,,,,,,,,,,,,,,,,,,,,,,,,,,,,,,,,,,,,,,,,,,,,,,,,,,,,,
A,THR,21,,,,,,,,,,,,,,,,,,,,,,,,,,,,,,,,,,,,,,,,,,,,,,,,,,,,,,,,,,,,,,,,,,,,,,,,,,,,,,,,,,,,,,,,,,,,,,,,,,,,,,,,,,,,,,,,,,,
A,CYS,22,,,,,,,,,,,,,,,,,,,,,,,,,,,,,,,,,,,,,,,,,,,,,,,,,,,,,,,,,,,,,,,,,,,,,,,,,,,,,,,,,,,,,,,,,,,,,,,,,,,,,,,,,,,,,,,,,,,
A,GLY,23,,,,,,,,,,,,,,,,,,,,,,,,,,,,,,,,,,,,,,,,,,,,,,,,,,,,,,,,,,,,,,,,,,,,,,,,,,,,,,,,,,,,,,,,,,,,,,,,,,,,,,,,,,,,,,,,,,,
A,THR,24,,,,,,,,,,,,,,,,,,,,,,,,,,,,,,,,,,,,,,,,,,,,,,,,,,,,,,,,,,,,,,,,,,,,,,,,,,,,,,,,,,,,,,,,,,,,,,,,,,,,,,,,,,,,,,,,,,,
A,THR,25,-0.0351,,,-0.0608,,-0.0492,-0.0351,-0.0085,-0.0351,-0.0117,,,,-0.0060,-0.0354,,,,,-0.0351,-0.0024,-0.0351,,-0.0351,-0.0402,,,,,,-0.0504,,,,,,,,,,,,,,,,,,-0.0351,,,,,,,,,,,,,,,,-0.0351,-0.0351,,,,,-0.0811,-0.0351,,,,,,,,-0.0351,,,,,-0.0289,,,,,,-0.0084,,,,-0.0141,,-0.0357,,-0.0593,,,,-0.0176,-0.0471,-0.1895,-0.0793,-0.0252,,-0.0308,-0.0414,,,-0.0212,-0.0088,
A,THR,26,,,,,,,,,,,,,,,,,,,,,,-0.0192,,-0.0041,,,,,,,,,,,,,,,,,,,,,,,,,,,,,,,,,,,,,,,,,,,,,,,,-0.0170,-0.0351,,,,,,,,,,,,,,,,,,,,,,,,,,-0.0468,,,,,,,,,,,,,,-0.0018,,
A,LEU,27,-0.0753,,,-0.0850,,-0.0856,,,,-0.0473,,,,,,,,,,,,,-0.1006,-0.0756,-0.0247,,,,,,-0.0278,,,,,,,,,,,,,,,,,,-0.0189,,,,,,,,,,,,,,,,-0.0491,,,,,,-0.1458,-0.0298,-0.0359,,,,,,,-0.1040,,,,,-0.0045,,,,,-0.1052,-0.1141,,,,-0.0220,,-0.0004,,-0.1487,,,,,-0.1200,-0.0898,-0.1226,,-0.0109,-0.0129,,,,,,
A,ASN,28,,,,,,,,,,,,,,,,,,,,,,,,,,,,,,,,,,,,,,,,,,,,,,,,,,,,,,,,,,,,,,,,,,,,,,,,,,,,,,,,,,,,,,,,,,,,,,,,,,,,,,,,,,,,,,,,,,,
A,PRO,39,,,,,,,,,,,,,,,,,,,,,,,,,,,,,,,,,,,,,,,,,,,,,,,,,,,,,,,,,,,,,,,,,,,,,,,,,,,,,,,,,,,,,,,,,,,,,,,,,,,,,,,,,,,,,,,,,,,
A,ARG,40,,,,,,,,,,,,,,,,,,,,,,,,,,,,,,,,,,,,,,,,,,,,,,,,,,,,,,,,,,,,,,,,,,,,,,,,,,,,,,,,,,,,,,,,,,,,,,,,,,,,,,,,,,,,,,,,,,,
A,HIS,41,,,,,,,,-0.0043,-0.0056,,,,,,,-0.0205,-0.0440,-0.0302,,,,,,-0.0069,,,,,-0.0487,-0.0467,,,,,,,,,,,,,,,,-0.0315,,,,-0.0309,,,,-0.0351,,,,,,,,,,,,,,,-0.0341,,,,,,,,,,,,,,,,-0.0297,,,,,,,,,,,,,,-0.0167,,,,,,,-0.0758,,-0.1074,-0.0023,-0.0222,,,-0.0332,,
A,VAL,42,,,,,,,,,,,,,,,,,,,,,,,,,,,,,,,,,,,,,,,,,,,,,,,,,,,,,,,,,,,,,,,,,,,,,,,,,,,,,,,,,,,,,,,,,,,,,,,,,,,,,,,,,,,,,,,,,,,
A,ILE,43,,,,,,,,,,,,,,,,,,,,,,,,,,,,,,,,,,,,,,,,,,,,,,,,,,,,,,,,,,,,,,,,,,,,,,,,,,,,,,,,,,,,,,,,,,,,,,,,,,,,,,,,,,,,,,,,,,,
A,CYS,44,,,,,,,,,,,,,,,,,,,,,,,,,,,,,,,,,,,,,,,,,,,,,,,,,,,,,,,,,,,,,,,,,,,,,,,,,,,,,,,,,,,,,,,,,,,,,,,,,,,,,,,,,,,,,,,,,,,
A,THR,45,,,,,,,,,,,,,,,,,,,,,,,,,,,,,,,,,,,,,,,,,,,,,,,,,,,,,,,,,,,,,,,,,,,,,,,,,,,,,,,,,,,,,,,,,,,,,,,,,,,,,,,,,,,,,,,,,,,
A,SER,46,,,,,,,,,,,,,,,,,,,,,,,,,,,,,,,,,,,,,,,,,,,,,,,,,,,,,,,,,,,,,,,,,,,,,,,,,,,,,,,,,,,,,,,,,,,,,,,,,,,,,,,,,,,,,,,,,,,
A,GLU,47,,,,,,,,,,,,,,,,,,,,,,,,,,,,,,,,,,,,,,,,,,,,,,,,,,,,,,,,,,,,,,,,,,,,,,,,,,,,,,,,,,,,,,,,,,,,,,,,,,,,,,,,,,,,,,,,,,,
A,ASP,48,,,,,,,,,,,,,,,,,,,,,,,,,,,,,,,,,,,,,,,,,,,,,,,,,,,,,,,,,,,,,,,,,,,,,,,,,,,,,,,,,,,,,,,,,,,,,,,,,,,,,,,,,,,,,,,,,,,
A,MET,49,,,,,,,,,,-0.0008,,,,,,,-0.0491,-0.0496,,,,,,,,,,,-0.0636,-0.0456,,,,,,,,,,,,,,,,-0.0667,,,,-0.0218,,,,-0.0279,,,,,,,,,,,,,,,-0.0109,,,,,,,,,,,,,,,,,,,,,,,,,,,-0.0195,,,,,,,,-0.0008,,,-0.0337,-0.0287,-0.0083,-0.0144,,,-0.0063,,-0.0043
A,LEU,50,,,,,,,,,,,,,,,,,,,,,,,,,,,,,,,,,,,,,,,,,,,,,,,,,,,,,,,,,,,,,,,,,,,,,,,,,,,,,,,,,,,,,,,,,,,,,,,,,,,,,,,,,,,,,,,,,,,
A,ASN,51,,,,,,,,,,,,,,,,,,,,,,,,,,,,,,,,,,,,,,,,,,,,,,,,,,,,,,,,,,,,,,,,,,,,,,,,,,,,,,,,,,,,,,,,,,,,,,,,,,,,,,,,,,,,,,,,,,,
A,PRO,52,,,,,,,,,,,,,,,,,,,,,,,,,,,,,,,,,,,,,,,,,,,,,,,,,,,,,,,,,,,,,,,,,,,,,,,,,,,,,,,,,,,,,,,,,,,,,,,,,,,,,,,,,,,,,,,,,,,
A,TYR,54,,,,,,,,,,,,,,,,,,,,,,,,,,,,,,,,,,,,,,,,,,,,,,,,,,,,,,,,,,,,,,,,,,,,,,,,,,,,,,,,,,,,,,,,,,,,,,,,,,,,,,,,,,,,,,,,,,,
A,CYS,85,,,,,,,,,,,,,,,,,,,,,,,,,,,,,,,,,,,,,,,,,,,,,,,,,,,,,,,,,,,,,,,,,,,,,,,,,,,,,,,,,,,,,,,,,,,,,,,,,,,,,,,,,,,,,,,,,,,
A,ALA,116,,,,,,,,,,,,,,,,,,,,,,,,,,,,,,,,,,,,,,,,,,,,,,,,,,,,,,,,,,,,,,,,,,,,,,,,,,,,,,,,,,,,,,,,,,,,,,,,,,,,,,,,,,,,,,,,,,,
A,CYS,117,,,,,,,,,,,,,,,,,,,,,,,,,,,,,,,,,,,,,,,,,,,,,,,,,,,,,,,,,,,,,,,,,,,,,,,,,,,,,,,,,,,,,,,,,,,,,,,,,,,,,,,,,,,,,,,,,,,
A,TYR,118,,,,,,,,,,,,,,,,,,,,,,,,,,,,,,,,,,,,,,,,,,,,,,,,,,,,,,,,,,,,,,,,,,,,,,,,,,,,,,,,,,,,,,,,,,,,,,,,,,,,,,,,,,,,,,,,,,,
A,ASN,119,,,,,,,,,,,,,,,,,,,,,,,,,,,,,,,,,,,,,,,,,,,,,,,,,,,,,,,,,,,,,,,,,,,,,,,,,,,,,,,,,,,,,,,,,,,,,,,,,,,,,,,,,,,,,,,,,,,
A,TYR,126,,,,,,,,,,,,,,,,,,,,,,,,,,,,,,,,,,,,,,,,,,,,,,,,,,,,,,,,,,,,,,,,,,,,,,,,,,,,,,,,,,,,,,,,,,,,,,,,,,,,,,,,,,,,,,,,,,,
A,GLY,138,,,,,,,,,,,,,,,,,,,,,,,,,,,,,,,,,,,,,,,,,,,,,,,,,,,,,,,,,,,,,,,,,,,,,,,,,,,,,,,,,,,,,,,,,,,,,,,,,,,,,,,,,,,,,,,,,,,
A,SER,139,,,,,,,,,,,,,,,,,,,,,,,,,,,,,,,,,,,,,,,,,,,,,,,,,,,,,,,,,,,,,,,,,,,,,,,,,,,,,,,,,,,,,,,,,,,,,,,,,,,,,,,,,,,,,,,,,,,
A,PHE,140,-0.0328,-0.0577,-0.0251,-0.0189,,-0.0351,,,,,,,-0.0351,,-0.0466,-0.0119,,-0.0318,,,,,-0.0463,,,,,,-0.0056,,,-0.0064,-0.0351,,-0.0351,,,-0.0265,,-0.0437,,,,-0.0412,,-0.0069,,,,,,,,,,,,,,,-0.0472,,,,-0.0027,,,,,,,,,,,,,,,,,,,,,,,,,-0.0050,-0.0012,,,-0.0124,,-0.0499,,,-0.0659,-0.0589,-0.0068,,,,,-0.0375,,-0.0007,,-0.0199,,,-0.0130,-0.1133,
A,LEU,141,,,,,,,,,,,,,,,,,,,,,,,,,,,,,,,,,,,,,,,,,,,,,,,,,,,,,,,,-0.0252,,,,,,,,,,,,,,,,,,,,,,,,,,,,,,,,,,,,,,,,,,,,,-0.0093,,,,,,,,,,,,-0.0039,,
A,ASN,142,,-0.0216,-0.0173,-0.0868,-0.0268,-0.0816,-0.0218,-0.0745,-0.0368,-0.0060,-0.0143,-0.0135,,-0.0683,-0.2079,-0.0197,,-0.0004,-0.0286,-0.2428,-0.0616,-0.0371,-0.0309,-0.0009,-0.1376,-0.0389,,,,,-0.1658,-0.0203,,,,-0.0556,,-0.0580,,-0.0102,,,,,-0.0228,,,,-0.0259,-0.0351,,-0.2075,-0.0306,-0.0026,-0.1472,-0.0483,,-0.0731,,,-0.0523,,,-0.0087,-0.1322,-0.0507,-0.0120,,-0.0051,,-0.0924,-0.0116,-0.0361,,,,,,,-0.0197,-0.0247,,,,-0.1788,,,,,-0.1313,-0.0964,-0.0797,,-0.0528,-0.1445,-0.0291,-0.1310,,-0.1560,-0.1489,-0.0626,-0.0027,-0.0546,-0.0199,-0.0663,-0.0500,-0.0762,,-0.0792,-0.0783,-0.0338,,-0.1353,-0.0520,-0.0543
A,GLY,143,,,,,,,,,,,,,,,,,,,,,,,,,,,,,,,,,,,,,,,,,,,,,,,,,,,,,,,,,,,,,,,,,,,,,,,,,,,,,,,,,,,,,,,,,,,,,,,,,,,,,,,,,,,,,,,,,,,
A,SER,144,,,,,,,,,,,,,,,,,,,,,,,,,,,,,,,,,,,,,,,,,,,,,,,,,,,,,,,,,,,,,,,,,,,,,,,,,,,,,,,,,,,,,,,,,,,,,,,,,,,,,,,,,,,,,,,,,,,
A,CYS,145,,,,,,,,,,,,,,,,,,,,,,,,,,,,,,,,,,,,,,,,,,,,,,,,,,,,,,,,,,,,,,,,,,,,,,,,,,,,,,,,,,,,,,,,,,,,,,,,,,,,,,,,,,,,,,,,,,,
A,GLY,146,,,,,,,,,,,,,,,,,,,,,,,,,,,,,,,,,,,,,,,,,,,,,,,,,,,,,,,,,,,,,,,,,,,,,,,,,,,,,,,,,,,,,,,,,,,,,,,,,,,,,,,,,,,,,,,,,,,
A,SER,147,,,,,,,,,,,,,,,,,,,,,,,,,,,,,,,,,,,,,,,,,,,,,,,,,,,,,,,,,,,,,,,,,,,,,,,,,,,,,,,,,,,,,,,,,,,,,,,,,,,,,,,,,,,,,,,,,,,
A,TYR,161,,,,,,,,,,,,,,,,,,,,,,,,,,,,,,,,,,,,,,,,,,,,,,,,,,,,,,,,,,,,,,,,,,,,,,,,,,,,,,,,,,,,,,,,,,,,,,,,,,,,,,,,,,,,,,,,,,,
A,MET,162,,,,,,,,,,,,,,,,,,,,,,,,,,,,,,,,,,,,,,,,,,,,,,,,,,,,,,,,,,,,,,,,,,,,,,,,,,,,,,,,,,,,,,,,,,,,,,,,,,,,,,,,,,,,,,,,,,,
A,HIS,163,,,,,,,,,,,,,,,,,,,,,,,,,,,,,,,,,,,,,,,,,,,,,,,,,,,,,,,,,,,,,,,,,,,,,,,,,,,,,,,,,,,,,,,,,,,,,,,,,,,,,,,,,-0.0041,,,,,,,,,-0.0351,
A,HIS,164,,,,,,,,,,,,,,,,-0.0065,,-0.0024,,,,,,,,,,,-0.0210,-0.0014,,,,,,,,,,,,,,,,-0.0154,,,,,,,,,,,,,,,,,,,,,,,,,,,,,,,,,,,,,,,,,,,,,,,,,,,,,,,,,,,,,,,,,,,,-0.0264,
A,MET,165,-0.1489,-0.1507,-0.0778,-0.0692,-0.0667,-0.0844,-0.0492,-0.0169,-0.0305,-0.0601,-0.1576,-0.1536,,-0.0470,-0.0351,-0.0756,-0.3435,-0.2145,-0.0833,-0.0351,-0.0544,-0.0927,-0.0471,-0.0443,-0.0351,-0.1057,-0.0600,-0.0264,-0.2554,-0.3349,-0.0351,-0.0467,,-0.1174,-0.0017,-0.0259,,-0.0965,-0.0351,-0.0351,-0.0079,-0.0337,-0.0432,-0.0935,-0.1260,-0.2586,-0.1379,,-0.1274,-0.0200,-0.1403,-0.0351,-0.0563,-0.0154,-0.0029,-0.0341,-0.1580,-0.0377,-0.0050,-0.0351,-0.0719,-0.0351,-0.0351,-0.0131,-0.1316,-0.0735,-0.0191,,-0.0372,-0.0783,-0.0342,-0.0701,-0.0299,,-0.0296,,-0.1901,,,-0.0440,-0.1035,-0.0239,-0.0351,-0.0042,-0.0091,,,,,-0.0502,-0.0738,,,-0.0189,-0.0245,-0.1948,,,-0.0170,-0.0655,,,-0.0035,-0.1790,-0.0280,-0.0482,-0.0351,-0.1700,,-0.0533,,-0.0351,-0.0059,-0.0809,-0.0636
A,GLU,166,-0.0995,-0.1847,-0.1088,-0.0351,-0.2670,-0.0983,-0.2142,-0.2224,-0.2007,-0.0693,-0.2475,-0.2490,-0.1337,-0.1159,-0.0684,-0.1616,-0.0966,-0.0978,-0.1019,,-0.1179,-0.1830,-0.1965,-0.1308,-0.0776,-0.1665,-0.2508,-0.0831,-0.1505,-0.0983,-0.0021,-0.3121,-0.1473,-0.0877,-0.2610,-0.1822,-0.2100,-0.3863,-0.2183,-0.3524,-0.0825,-0.1109,-0.2576,-0.0581,-0.4683,-0.0885,-0.1033,-0.2089,-0.0906,-0.2153,-0.2132,-0.0319,-0.2915,-0.2760,-0.0751,-0.2133,-0.1893,-0.1292,-0.0645,-0.0910,-0.4602,-0.2104,-0.0701,-0.2207,-0.0678,-0.1678,-0.0798,-0.1622,-0.4177,-0.0849,,-0.2076,-0.0377,-0.0669,-0.0225,-0.0478,-0.0797,-0.0148,-0.0421,-0.4067,-0.0082,,-0.0805,-0.0109,-0.0317,-0.0812,-0.0159,-0.0555,-0.0701,-0.1595,-0.0550,-0.0164,,-0.0351,-0.0386,-0.2119,-0.0417,-0.0595,,-0.1872,-0.3073,-0.2115,-0.2714,-0.0351,,-0.0042,-0.0662,-0.1251,,-0.0418,-0.0801,-0.1109,-0.0626,-0.0572,-0.4451
A,LEU,167,,,,-0.0048,,,,,,,,,,,,,,,,,,,,,,-0.0072,,,,,,,,,,,,,-0.0083,,,,,,,,,,,,,,,,,,,,-0.0433,,,,,,,,,,,,,,,,,-0.0340,,-0.0568,,,,-0.0544,,,,,,,,,,,,,,,,-0.0264,,,,,,,,,,,,,,-0.1062,,,
A,PRO,168,-0.0142,,,,-0.1228,-0.0119,,,,,-0.0195,-0.0488,-0.3124,,,,-0.0493,,-0.0571,,-0.0441,,,,-0.0174,-0.0417,-0.1679,-0.3185,,,,-0.0659,-0.2675,-0.1521,-0.2117,,-0.0692,-0.0227,-0.1364,,-0.3070,-0.0334,-0.1894,-0.0209,,,-0.0885,-0.0614,,,-0.0075,,-0.0578,,-0.0701,,,-0.0701,-0.1066,-0.1150,-0.0220,-0.1480,-0.0322,-0.0059,,,-0.0533,-0.0504,-0.0451,-0.0342,,,,-0.1373,-0.0745,-0.2932,,-0.1418,-0.1527,,-0.0701,-0.2460,,-0.1606,,-0.0964,-0.1469,-0.2068,-0.1286,,,-0.0311,-0.0687,,,,,-0.0701,,,-0.0701,-0.0651,,,,,,,,,-0.0659,-0.0869,,,
A,THR,169,,,,,,,,,,,,,,,,,,,,,,,,,,,,,,,,,,,,,,,,,,,,,,,,,,,,,,,,,,,,,,,,,,,,,,,,,,,,,,,,,,,,,,,,,,,,,,,,,,,,,,,,,,,,,,,,,,,
A,GLY,170,,,,,,,,,,,,,,,,,,,,,,,,,,,,,,,,,,,,,,,,,,,,,,,,,,,,,,,,,,,,,,,,,,,,,,,,,,,,,,,,,,,,,,,,,,,,,,,,,,,,,,,,,,,,,,,,,,,
A,VAL,171,,,,,,,,,,,,,,,,,,,,,,,,,,,,,,,,,,,,,,,,,,,,,,,,,,,,,,,,,,,,,,,,,,,,,,,,,,,,,,,,,,,,,,,,,,,,,,,,,,,,,,,,,,,,,,,,,,,
A,HIS,172,,,,,,,,,,,,,,,,,,,,,,,,,,,,,,,,,,,,,,,,,,,,,,,,,,,,,,,,,,,,,,,,,,,,,,,,,,,,,,,,,,,,,,,,,,,,,,,,,,,,,,,,,,,,,,,,,,,
A,ALA,173,,,,,,,,,,,,,,,,,,,,,,,,,,,,,,,,,,,,,,,,,,,,,,,,,,,,,,,,,,,,,,,,,,,,,,,,,,,,,,,,,,,,,,,,,,,,,,,,,,,,,,,,,,,,,,,,,,,
A,GLY,174,,,,,,,,,,,,,,,,,,,,,,,,,,,,,,,,,,,,,,,,,,,,,,,,,,,,,,,,,,,,,,,,,,,,,,,,,,,,,,,,,,,,,,,,,,,,,,,,,,,,,,,,,,,,,,,,,,,
A,PHE,181,,,,,,,,,,,,,,,,,,,,,,,,,,,,,,,,,,,,,,,,,,,,,,,,,,,,,,,,,,,,,,,,,,,,,,,,,,,,,,,,,,,,,,,,,,,,,,,,,,,,,,,,,,,,,,,,,,,
A,PHE,185,,,,,,,,,,,,,,,,,,,,,,,,,,,,,,,,,,,,,,,,,,,,,,,,,,,,,,,,,,,,,,,,,,,,,,,,,,,,,,,,,,,,,,,,,,,,,,,,,,,,,,,,,,,,,,,,,,,
A,VAL,186,,,,,,,,,,,,,,,,,,,,,,,,,,,,,,,,,,,,,,,,,,,,,,,,,,,,,,,,,,,,,,,,,,,,,,,,,,,,,,,,,,,,,,,,,,,,,,,,,,,,,,,,,,,,,,,,,,,
A,ASP,187,,,,,,,,,,,,,,,,-0.0351,-0.0351,-0.0162,,,,,,,,,,,-0.0463,-0.0340,,,,,,,,,,,,,,,,-0.0431,,,,-0.0228,,,,,,,,,,,,,,,,,,,,,,,,,,,,,,,,,,,,,,,,,,,,,,,,,,,,,,,,,,,,,,,,,
A,ARG,188,,,,,,,,,,,,,,,,,,,,,,,,,,,,,,,,,,,,,,,,,,,,,,-0.0032,,,,-0.0026,,,,,,,,,,,,,,,,,,,,,,,,,,,,,,,,,,,,,,,,,,,,,,,,,,,,,,,,,,,,,,,,,
A,GLN,189,-0.3024,-0.1586,-0.1551,-0.0613,-0.2731,-0.0116,-0.0161,-0.0151,-0.0105,-0.1920,-0.1503,-0.1352,-0.0902,-0.0820,-0.0560,-0.0108,-0.4184,-0.2454,-0.0522,-0.0629,-0.0155,-0.0485,,-0.0278,-0.0441,-0.0775,-0.0381,-0.1406,-0.3573,-0.3529,-0.0265,-0.0424,-0.0924,-0.2665,-0.0196,-0.0701,-0.1291,-0.0415,-0.1840,,-0.1059,-0.1409,-0.0611,-0.2795,,-0.4013,-0.1797,-0.1295,-0.2448,-0.0572,-0.1688,-0.0487,,-0.0339,-0.0755,,-0.0939,-0.0001,-0.0047,-0.0320,,-0.0824,-0.1093,-0.1146,-0.0052,-0.0052,-0.3705,-0.0537,-0.0678,-0.0599,-0.0963,-0.0358,-0.0535,-0.0182,-0.0615,,-0.2582,-0.0017,-0.0115,-0.0635,-0.1322,-0.1217,,-0.0758,-0.0164,,,-0.1004,,,,-0.0351,-0.0802,-0.0298,-0.0351,-0.3324,-0.0259,-0.1754,-0.0039,,-0.0391,-0.0701,-0.0668,,-0.0188,-0.0361,-0.0325,-0.2617,-0.0263,-0.0242,-0.0312,-0.0726,-0.0323,,-0.0727
A,THR,190,,,,,,,,,,,,,,,,,,,,,,,,,,,,,,,,,,,,,,,,,,,,,,,,,,,,,,,,,,,,,,,,,,,,,,,,,,,,,,,,,,,,,,,,,,,,,,,,,,,,,,,,,,,,,,,,,,,
A,ALA,191,,,,,,,,,,,,-0.0320,-0.0013,,,,,,,,,,,,,,,-0.0129,,,,,-0.0112,,,,,,-0.0351,,-0.0165,,,,,,,,,,,,,,,,,,,,,,,,,,,,,-0.0032,,,,,,,,,,,,,,,,,,-0.0351,-0.0123,,,,,,,,,,,,,,,,,,,,,,,,,,
A,GLN,192,,,,-0.0005,,,,,,,,,,,,,,,,,,,,,,-0.0002,,,,,,,,,,,,,,,,,,,,,,,,,,,,,,,,,-0.0447,,,,,,,,,,,,,,,,,-0.0051,,-0.0532,,,,-0.0653,,,,,,,,,,,,,,,,,,,,,,,,,,,,,,,,,
A,ALA,193,,,,,,,,,,,,,,,,,,,,,,,,,,,,,,,,,,,,,,,,,,,,,,,,,,,,,,,,,,,,,,,,,,,,,,,,,,,,,,,,,,,,,,,,,,,,,,,,,,,,,,,,,,,,,,,,,,,
A,ALA,194,,,,,,,,,,,,,,,,,,,,,,,,,,,,,,,,,,,,,,,,,,,,,,,,,,,,,,,,,,,,,,,,,,,,,,,,,,,,,,,,,,,,,,,,,,,,,,,,,,,,,,,,,,,,,,,,,,,

Intra-Ligand Free,,,-0.2489,-0.0511,-0.1745,-0.4359,-0.4445,-0.4726,-0.6111,-0.5369,-0.4466,-0.3048,-0.9080,-0.6613,-0.1038,-0.5996,-0.3462,-0.4873,-0.2932,-0.5135,-0.8175,-0.7758,-0.3159,-0.2544,-0.4475,-0.1288,-0.4528,-0.4713,-0.7476,-0.5090,-0.4508,-0.4307,-0.5342,-0.8232,-0.4457,-0.5534,-0.3129,-0.6233,-0.8633,-0.6242,-0.4482,-0.3158,-0.6694,-0.6952,-0.5017,-0.7361,-0.8413,-0.7049,-0.8035,-0.7594,-0.5785,0.1873,-0.3888,-0.6235,-0.6094,-0.3011,-0.6016,-0.0829,-0.3733,-0.3327,-0.6682,-0.3462,-0.5196,-0.8138,-0.4403,-0.7197,-0.8267,-0.5155,-0.4044,-0.6045,-0.4453,-0.8464,-0.1536,0.1245,-0.7643,-0.8165,-0.0974,-0.7714,-0.3829,-0.3638,-0.4609,0.1297,-0.3711,-0.2235,-0.7460,-0.5061,-0.4913,-0.5304,-0.3100,0.2557,-0.4987,0.2193,-0.1592,0.9724,-0.4068,1.9798,0.1624,0.6261,1.3319,-0.8562,1.0051,8.0921,-0.1552,2.4826,0.5148,5.8015,-0.3323,7.8064,6.1965,7.1141,14.9883,7.6740,3.0980,-0.3710,0.0841,17.3023,16.4985
Inter-Ligand Free,,,-9.9149,-9.8796,-9.5534,-9.2493,-9.1630,-8.9215,-8.7401,-8.7294,-8.8073,-8.4635,-7.8463,-7.9796,-8.5259,-7.9921,-8.2391,-7.9203,-8.1111,-7.8195,-7.4734,-7.4368,-7.8089,-7.8501,-7.6252,-7.9035,-7.5567,-7.4060,-7.0715,-7.2905,-7.3439,-7.2787,-7.1494,-6.8489,-7.1490,-7.0395,-7.2523,-6.8257,-6.5788,-6.8036,-6.9634,-7.0677,-6.7115,-6.6747,-6.8520,-6.5480,-6.4394,-6.5707,-6.4602,-6.4851,-6.6118,-7.3010,-6.6932,-6.4364,-6.3604,-6.6314,-6.3121,-6.8306,-6.5175,-6.4746,-6.1080,-6.4216,-6.1965,-5.8855,-6.2371,-5.9208,-5.7870,-6.0866,-6.0832,-5.7423,-5.8266,-5.4210,-5.9888,-6.2372,-5.3198,-5.2243,-5.7371,-4.9800,-5.3570,-5.3613,-5.2110,-5.4353,-4.7625,-4.8045,-4.0214,-4.1999,-4.1726,-4.1203,-4.2608,-4.5015,-3.2710,-3.9741,-2.7815,-3.4224,-1.2512,-2.6861,1.0826,2.4812,2.3064,6.8477,5.4026,-1.4777,9.7773,9.6163,12.3298,7.1279,14.0698,14.8295,17.4502,19.1258,12.8346,21.1870,27.9161,34.4321,34.9516,32.3040,43.5806
Total Free Energy,,,-10.1638,-9.9308,-9.7279,-9.6852,-9.6075,-9.3941,-9.3512,-9.2663,-9.2539,-8.7683,-8.7543,-8.6409,-8.6297,-8.5916,-8.5853,-8.4075,-8.4043,-8.3330,-8.2909,-8.2126,-8.1247,-8.1045,-8.0727,-8.0323,-8.0095,-7.8773,-7.8191,-7.7995,-7.7947,-7.7094,-7.6836,-7.6720,-7.5947,-7.5928,-7.5652,-7.4490,-7.4421,-7.4278,-7.4115,-7.3835,-7.3808,-7.3699,-7.3537,-7.2841,-7.2808,-7.2756,-7.2637,-7.2445,-7.1903,-7.1137,-7.0820,-7.0599,-6.9697,-6.9325,-6.9137,-6.9135,-6.8908,-6.8074,-6.7762,-6.7678,-6.7162,-6.6993,-6.6775,-6.6405,-6.6137,-6.6021,-6.4876,-6.3468,-6.2719,-6.2675,-6.1424,-6.1127,-6.0840,-6.0407,-5.8345,-5.7514,-5.7399,-5.7252,-5.6719,-5.3056,-5.1336,-5.0281,-4.7674,-4.7060,-4.6638,-4.6507,-4.5709,-4.2458,-3.7697,-3.7548,-2.9407,-2.4500,-1.6580,-0.7063,1.2450,3.1073,3.6383,5.9915,6.4077,6.6144,9.6220,12.0989,12.8446,12.9294,13.7375,22.6359,23.6467,26.2400,27.8228,28.8610,31.0141,34.0611,35.0357,49.6063,60.0791
Normalized Total Free Energy,,,-8.0358,-7.8469,-7.6825,-7.6479,-7.5849,-7.4120,-7.3772,-7.3084,-7.2983,-6.9047,-6.8934,-6.8015,-6.7924,-6.7616,-6.7564,-6.6124,-6.6098,-6.5519,-6.5178,-6.4544,-6.3832,-6.3668,-6.3410,-6.3082,-6.2898,-6.1826,-6.1354,-6.1196,-6.1157,-6.0466,-6.0256,-6.0163,-5.9536,-5.9521,-5.9297,-5.8355,-5.8299,-5.8183,-5.8051,-5.7824,-5.7803,-5.7714,-5.7583,-5.7018,-5.6991,-5.6950,-5.6853,-5.6698,-5.6258,-5.5637,-5.5380,-5.5201,-5.4471,-5.4169,-5.4016,-5.4015,-5.3831,-5.3155,-5.2902,-5.2834,-5.2416,-5.2279,-5.2102,-5.1802,-5.1585,-5.1491,-5.0563,-4.9422,-4.8815,-4.8779,-4.7765,-4.7524,-4.7292,-4.6941,-4.5270,-4.4597,-4.4503,-4.4384,-4.3952,-4.0983,-3.9589,-3.8734,-3.6621,-3.6124,-3.5782,-3.5675,-3.5028,-3.2393,-2.8535,-2.8414,-2.1816,-1.7839,-1.1420,-0.3707,1.2108,2.7202,3.1505,5.0577,5.3950,5.5626,8.0002,10.0077,10.6120,10.6807,11.3357,18.5477,19.3669,21.4687,22.7515,23.5930,25.3380,27.8076,28.5974,40.4066,48.8945
