Chain ID,Residue name,Residue sequence,Conf 1,Conf 2,Conf 3,Conf 4,Conf 5,Conf 6,Conf 7,Conf 8,Conf 9,Conf 10,Conf 11,Conf 12,Conf 13,Conf 14,Conf 15,Conf 16,Conf 17,Conf 18,Conf 19,Conf 20,Conf 21,Conf 22,Conf 23,Conf 24,Conf 25,Conf 26,Conf 27,Conf 28,Conf 29,Conf 30
A,GLN,19,,,,,,,,,,,,,,,,,,,,,,,,,,,,,,
A,VAL,20,,,,,,,,,,,,,,,,,,,,,,,,,,,,,,
A,THR,21,,,,,,,,,,,,,,,,,,,,,,,,,,,,,,
A,CYS,22,,,,,,,,,,,,,,,,,,,,,,,,,,,,,,
A,GLY,23,,,,,,,,,,,,,,,,,,,,,,,,,,,,,,
A,THR,24,,,,,,,,,,,,,,,,,,,,,,,,,,,,,,
A,THR,25,-0.0812,-0.0203,-0.0358,-0.0701,-0.3170,,-0.1800,-0.2737,,-0.2352,-0.8729,,-0.2736,-0.0179,-0.2753,,,-0.1567,,-0.1015,,,,-0.0351,,-0.0244,,,,
A,THR,26,,,-0.0056,-0.0089,,-0.3999,,-0.0017,,-0.0313,,,-0.0775,,-0.0522,,,,,,,,,,,,,,,
A,LEU,27,,-0.1373,-0.1958,-0.0794,,-0.0008,-0.2488,-0.3549,,-0.2519,,,-0.2644,-0.0351,-0.1649,,,-0.1109,,-0.3643,,,-0.0257,-0.2395,,-0.1321,,,-0.0074,
A,ASN,28,,,,,,,,,,,,,,,,,,,,,,,,,,,,,,
A,PRO,39,,,,,,,,,,,,,,,,,,,,,,,,,,,,,,
A,ARG,40,,,,,,,,,,,,,,,,,,,,,,,,,,,,,,
A,HIS,41,-0.0830,,,,-0.2070,-0.0026,-0.0337,-0.0552,,,-0.8828,,,-0.0812,-0.0264,,,-0.0292,,-0.5246,,,-0.0249,,,,-0.5338,-0.0015,,
A,VAL,42,,,,,,,-0.0122,-0.0060,,,,,-0.0012,,-0.0595,,,,,,,,,,,,,,,
A,ILE,43,,,,,,,,,,,,,,,,,,,,,,,,,,,,,,
A,CYS,44,,,,,,,,,,,,,,,,,,,,,,,,,,,,,,
A,THR,45,,,,,,,,,,,,,,,,,,,,,,,,,,,,,,
A,SER,46,,,,,,,,,,,,,,,,,,,,,,,,,,,,,,
A,GLU,47,,,,,,,,,,,,,,,,,,,,,,,,,,,,,,
A,ASP,48,,,,,,,,,,,,,,,,,,,,,,,,,,,,,,
A,MET,49,,,,-0.0063,,,,,,,,,-0.0127,-0.0001,,,,-0.0299,,-0.0050,,,,,,-0.0058,,,-0.0252,
A,LEU,50,,,,,,,,,,,,,,,,,,,,,,,,,,,,,,
A,PRO,52,,,,,,,,,,,,,,,,,,,,,,,,,,,,,,
A,TYR,54,,,,,,,,,,,,,,,,,,,,,,,,,,,,,,
A,CYS,117,,,,,,,,,,,,,,,,,,,,,,,,,,,,,,
A,TYR,118,,,,,,,,,,,,,,,,,,,,,,,,,,,,,,
A,ASN,119,,,,,,,,,,,,,,,,,,,,,,,,,,,,,,
A,GLY,138,,,,,,,,,,,,,,,,,,,,,,,,,,,,,,
A,SER,139,,,,,,,,,,,,,,,,,,,,,,,,,,,,,,
A,PHE,140,,,,,,,,,-0.0706,,,,,,,,-0.0498,,-0.3974,,-0.1129,-0.6234,-0.0137,-0.0010,-0.0694,,,,-0.0541,
A,LEU,141,,,-0.0020,,,,,,,,,,,-0.0091,,,,,,,-0.0021,-0.4017,-0.0175,,,,,,-0.0012,
A,ASN,142,-0.0336,-0.1096,-0.0884,-0.3549,-0.0179,-0.2589,-0.2358,-0.1814,-0.2016,-0.7021,-0.0235,-0.0113,-0.6851,-0.1925,-0.2084,,-0.4554,-0.2016,-0.2701,-1.3063,-0.7399,-0.7348,-0.1915,-0.6478,,-0.1566,,,-0.7454,-0.0701
A,GLY,143,-0.6197,,,-0.0587,,-0.5452,,-0.5874,,,,-0.4351,,,,-0.5817,,,,,,,,-0.4298,,,-0.5891,-0.3884,,
A,SER,144,,,,,,,,-0.5448,,,,,,,,,,,,,,,,-1.3505,,,,,,
A,CYS,145,,,,,,,,-0.9413,,,,,,,,,,,,,,,,-0.5569,,,-0.4552,-0.0305,,
A,GLY,146,,,,,,,,,,,,,,,,,,,,,,,,,,,,,,
A,SER,147,,,,,,,,,,,,,,,,,,,,,,,,,,,,,,
A,TYR,161,,,,,,,,,,,,,,,,,,,,,,,,,,,,,,
A,MET,162,,,,,,,,,,,,,,,,,,,,,,,,,,,,,,
A,HIS,163,-0.4511,,,,-0.4403,,,,,,,,,,,,,,,,-0.5874,-0.0126,,-0.1743,-0.6029,,,,-0.5874,
A,HIS,164,,,,,,,,,,,,,,,,,,,,,,,-0.0006,,-0.0033,-0.0167,,,,-0.0052
A,MET,165,-0.0163,,,-0.0665,-0.0337,-0.0351,-0.0405,-0.0351,-0.0633,-0.0538,-0.0410,-0.0509,,-0.0537,-0.0391,-0.0351,-0.1570,-0.0397,-0.0768,,-0.3816,-0.0873,-0.1666,-0.4159,-0.0822,-0.4313,-0.0701,-0.0346,-0.0676,-0.2542
A,GLU,166,-0.2465,-0.1179,-0.0814,-0.0480,-0.5954,-0.1432,-0.0351,-0.0184,-0.8583,-0.0027,-0.6786,-0.2934,-0.0065,-0.1388,-0.6650,-0.1377,-0.1786,-0.6247,-1.0254,-0.0056,-0.7181,-0.8293,-0.9170,-0.3235,-1.4627,-0.0056,-0.7742,-0.3522,-0.4217,-1.0709
A,LEU,167,,,,-0.0156,,,-0.0118,,-0.0065,,,,,,,,,,,,,,,,,,-0.0108,-0.0148,,-0.0225
A,PRO,168,-0.3928,-0.0701,,-0.1026,-0.3647,-0.2457,-0.1052,,-0.1881,-0.0701,-0.3997,-0.3356,-0.0216,-0.0592,,-0.0882,-0.5122,,-0.3435,-0.4889,,-0.0400,,-0.0115,-0.2962,-0.6576,-0.4446,-0.0717,,-0.0859
A,THR,169,,,,,,,,,,,,,,,,,,,,,,,,,,,,,,
A,GLY,170,,,,,,,,,,,,,,,,,,,,,,,,,,,,,,
A,VAL,171,,,,,,,,,,,,,,,,,,,,,,,,,,,,,,
A,HIS,172,,,,,,,,,,,,,,,,,,,,,-0.0037,-0.0012,,,,,,,,
A,ALA,173,,,,,,,,,,,,,,,,,,,,,,,,,,,,,,
A,GLY,174,,,,,,,,,,,,,,,,,,,,,,,,,,,,,,
A,PHE,181,,,,,,,,,,,,,,,,,,,,,,,,,,,,,,
A,VAL,186,,,,,,,,,,,,,,,,,,,,,,,,,,,,,,
A,ASP,187,,,,,,,,,,,,,,,,,,,,,,,,,,,,,,
A,ARG,188,,,,,,,,,,,,,,,,,,,,,,,,,,,,,,
A,GLN,189,-0.0776,-0.3255,-0.0121,-0.3844,-0.1956,-0.0483,-0.4937,-0.0684,-0.2586,-0.5709,-0.0337,-0.0399,-0.1052,-0.0522,-0.1045,-0.3435,-0.7044,-0.1217,-0.1905,-0.0224,-1.0266,-0.0438,-0.9916,-0.0820,-0.1989,-0.1036,-0.0204,-1.3152,-1.4015,-0.9231
A,THR,190,,-0.0122,,,,,,,,,-0.0021,-0.1302,,,,,,,,,,,,,-0.5507,,,,,
A,ALA,191,-0.0376,,,,,,,,,,,,,,,,,,-0.0205,,,,,,,,-0.0594,,,
A,GLN,192,,,,,,,,,,,,,,,,,,,,,,,,,,,,,,
A,ALA,193,,,,,,,,,,,,,,,,,,,,,,,,,,,,,,

Intra-Ligand Free,,,3.5590,1.3001,2.4506,1.8453,6.7742,4.0543,2.2278,1.8434,18.4266,2.3827,7.9091,14.5571,4.8395,6.1521,10.3934,20.4143,14.2721,11.4060,36.7651,18.5758,32.2499,40.4810,37.3077,31.4377,48.2318,89.4837,58.9930,73.0009,42.4391,108.8260
Inter-Ligand Free,,,-9.5646,-6.5748,-5.6179,-4.6145,-6.8916,-2.2518,0.5409,6.3003,-9.3919,6.7138,3.7883,-1.1472,9.6814,10.0946,7.0244,3.0403,13.6302,35.3894,11.1981,30.9367,26.9780,23.3130,33.4330,40.4701,30.6059,17.7437,48.9163,48.3470,85.3711,107.8065
Total Free Energy,,,-6.0056,-5.2747,-3.1672,-2.7692,-0.1173,1.8025,2.7687,8.1437,9.0347,9.0965,11.6974,13.4100,14.5208,16.2467,17.4179,23.4546,27.9022,46.7954,47.9632,49.5125,59.2280,63.7940,70.7407,71.9078,78.8378,107.2273,107.9093,121.3480,127.8103,216.6325
Normalized Total Free Energy,,,-6.0360,-5.5747,-4.2447,-3.9935,-2.3200,-1.1084,-0.4987,2.8933,3.4556,3.4946,5.1360,6.2167,6.9178,8.0069,8.7460,12.5556,15.3624,27.2854,28.0224,29.0001,35.1313,38.0128,42.3966,43.1332,47.5065,65.4224,65.8528,74.3336,78.4118,134.4652
