Chain ID,Residue name,Residue sequence,Conf 1,Conf 2,Conf 3,Conf 4,Conf 5,Conf 6,Conf 7,Conf 8,Conf 9,Conf 10,Conf 11,Conf 12,Conf 13,Conf 14,Conf 15,Conf 16,Conf 17,Conf 18,Conf 19,Conf 20,Conf 21,Conf 22,Conf 23,Conf 24,Conf 25,Conf 26,Conf 27,Conf 28,Conf 29,Conf 30,Conf 31,Conf 32,Conf 33,Conf 34,Conf 35,Conf 36,Conf 37,Conf 38,Conf 39,Conf 40,Conf 41,Conf 42,Conf 43,Conf 44,Conf 45,Conf 46,Conf 47,Conf 48,Conf 49,Conf 50,Conf 51,Conf 52,Conf 53,Conf 54,Conf 55,Conf 56,Conf 57,Conf 58,Conf 59,Conf 60,Conf 61,Conf 62,Conf 63,Conf 64,Conf 65,Conf 66,Conf 67,Conf 68,Conf 69,Conf 70,Conf 71,Conf 72,Conf 73,Conf 74,Conf 75,Conf 76,Conf 77,Conf 78,Conf 79,Conf 80,Conf 81,Conf 82,Conf 83,Conf 84,Conf 85,Conf 86,Conf 87,Conf 88,Conf 89,Conf 90,Conf 91,Conf 92,Conf 93,Conf 94,Conf 95,Conf 96,Conf 97,Conf 98,Conf 99,Conf 100,Conf 101,Conf 102,Conf 103,Conf 104,Conf 105,Conf 106,Conf 107,Conf 108,Conf 109,Conf 110,Conf 111,Conf 112,Conf 113,Conf 114,Conf 115,Conf 116,Conf 117,Conf 118
A,VAL,20,,,,,,,,,,,,,,,,,,,,,,,,,,,,,,,,,,,,,,,,,,,,,,,,,,,,,,,,,,,,,,,,,,,,,,,,,,,,,,,,,,,,,,,,,,,,,,,,,,,,,,,,,,,,,,,,,,,,,,
A,CYS,22,,,,,,,,,,,,,,,,,,,,,,,,,,,,,,,,,,,,,,,,,,,,,,,,,,,,,,,,,,,,,,,,,,,,,,,,,,,,,,,,,,,,,,,,,,,,,,,,,,,,,,,,,,,,,,,,,,,,,,
A,THR,24,,,,,,,,,,,,,,,,,,,,,,,,,,,,,,,,,,,,,,,,,,,,,,,,,,,,,,,,,,,,,,,,,,,,,,,,,,,,,,,,,,,,,,,,,,,,,,,,,,,,,,,,,,,,,,,,,,,,,,
A,THR,25,-0.0427,,,,,-0.0173,,,-0.0124,,,,,,,,,,,-0.0684,,,,,,,,,,,,,,,-0.0475,,,,,,,,,,,,,-0.0125,,,,,,,,,,,,,,,,,,,,,,,,,,,,,,,,,,-0.1289,,,,-0.0458,-0.0682,,,,,,,,,,,-0.0701,,,,-0.0390,-0.0330,-0.0141,-0.0700,,,,,,,,,,,,-0.0119,
A,THR,26,,,,,,,,,,,,,,,,,,,,,,,,,,,,,,,,,,,-0.0264,,,,,,,,,,,,,,,,,,,,,,,,,,,,,,,,,,,,,,,,,,,,,,,-0.0225,,,,,,,,,,,,,,,,,,,,,,,-0.0184,,,,,,,,,-0.5874,,,,
A,LEU,27,-0.0057,,,,,,,,-0.0151,,,,,,,,,,,-0.0141,,,,,,,,,,,,,,,-0.1076,,,,,,,,,,,,,-0.0125,,,,,,,,,,,,,,,,,,,,,,,,,,,,,,,,,,-0.0356,,,,,-0.0801,,,,,,,,,,-0.0110,-0.0333,,,,,-0.2122,-0.0307,-0.1960,,,,,,,,,-0.0700,-0.0139,,-0.0202,
A,ASN,28,,,,,,,,,,,,,,,,,,,,,,,,,,,,,,,,,,,,,,,,,,,,,,,,,,,,,,,,,,,,,,,,,,,,,,,,,,,,,,,,,,,,,,,,,,,,,,,,,,,,,,,,,,,,,,,,,,,,,,
A,GLY,29,,,,,,,,,,,,,,,,,,,,,,,,,,,,,,,,,,,,,,,,,,,,,,,,,,,,,,,,,,,,,,,,,,,,,,,,,,,,,,,,,,,,,,,,,,,,,,,,,,,,,,,,,,,,,,,,,,,,,,
A,CYS,38,,,,,,,,,,,,,,,,,,,,,,,,,,,,,,,,,,,,,,,,,,,,,,,,,,,,,,,,,,,,,,,,,,,,,,,,,,,,,,,,,,,,,,,,,,,,,,,,,,,,,,,,,,,,,,,,,,,,,,
A,PRO,39,,,,,,,,,,,,,,,,,,,,,,,,,,,,,,,,,,,,,,,,,,,,,,,,,,,,,,,,,,,,,,,,,,,,,,,,,,,,,,,,,,,,,,,,,,,,,,,,,,,,,,,-0.0342,,,,,,,,,,,,,,-0.0269,
A,ARG,40,,,,,,,,,,,,,,,,,,,,,,,,,,,,,,,,,,,,,,,,,,,,,,,,,,,,,,,,,,,,,,,,,,,,,,,,,,,,,,,,,,,,,,,,,,,,,,,,,,,,,,,,,,,,,,,,,,,,,,
A,HIS,41,,,,,,,,,,,-0.0140,,,,,,,,,,,,,,,,,,,,,,,,-0.1653,,,,,,,,,,,,,,,,,,,,,,,,,,,,,,,,,,,,,,,,,,,,,,,-0.4301,,,,,,,,,,,-0.0276,,,,,-0.0251,,,,-1.1354,,-0.0039,,-0.0497,,,,,,,-0.4750,,-0.0168,,-0.0902,
A,VAL,42,,,,,,,,,,,,,,,,,,,,,,,,,,,,,,,,,,,,,,,,,,,,,,,,,,,,,,,,,,,,,,,,,,,,,,,,,,,,,,,,,,,,,,,,,,,,,,,,,,,,,,,,,,,,,,,,,,,,,,
A,ILE,43,,,,,,,,,,,,,,,,,,,,,,,,,,,,,,,,,,,,,,,,,,,,,,,,,,,,,,,,,,,,,,,,,,,,,,,,,,,,,,,,,,,,,,,,,,,,,,,,,,,,,,,,,,,,,,,,,,,,,,
A,CYS,44,,,,,,,,,,,,,,,,,,,,,,,,,,,,,,,,,,,,,,,,,,,,,,,,,,,,,,,,,,,,,,,,,,,,,,,,,,,,,,,,,,,,,,,,,,,,,,,,,,,,,,,,,,,,,,,,,,,,,,
A,THR,45,,,,,,,,,,,,,,,,,,,,,,,,,,,,,,,,,,,,,,,,,,,,,,,,,,,,,,,,,,,,,,,,,,,,,,,,,,,,,,,,,,,,,,,,,,,,,,,,,,,,,,,,,,,,,,,,,,,,,,
A,SER,46,,,,,,,,,,,,,,,,,,,,,,,,,,,,,,,,,,,,,,,,,,,,,,,,,,,,,,,,,,,,,,,,,,,,,,,,,,,,,,,,,,,,,,,,,,,,,,,,,,,,,,,,,,,,,,,,,,,,,,
A,GLU,47,,,,,,,,,,,,,,,,,,,,,,,,,,,,,,,,,,,,,,,,,,,,,,,,,,,,,,,,,,,,,,,,,,,,,,,,,,,,,,,,,,,,,,,,,,,,,,,,,,,,,,,,,,,,,,,,,,,,,,
A,ASP,48,,,,,,,,,,,,,,,,,,,,,,,,,,,,,,,,,,,,,,,,,,,,,,,,,,,,,,,,,,,,,,,,,,,,,,,,,,,,,,,,,,,,,,,,,,,,,,,,,,,,,,,,,,,,,,,,,,,,,,
A,MET,49,,,,,,,,,,,,,,,,,,,,,,,,,,,,,,-0.0128,,,,,,,,,,,,,,,,,,,,,,,,,,,,,,,,,,,,,,,,,,,,,,,,-0.0081,,,,,,,,,,,,,,,-0.0774,,,,,,,,,,-0.0352,,-0.0351,-0.0070,-0.0159,,-0.0180,,-0.0199,,,-0.0630,-0.0367,-0.1411,-0.0649,-0.0598
A,LEU,50,,,,,,,,,,,,,,,,,,,,,,,,,,,,,,,,,,,,,,,,,,,,,,,,,,,,,,,,,,,,,,,,,,,,,,,,,,,,,,,,,,,,,,,,,,,,,,,,,,,,,,,,,,,,,,,,,,,,,,
A,ASN,51,,,,,,,,,,,,,,,,,,,,,,,,,,,,,,,,,,,,,,,,,,,,,,,,,,,,,,,,,,,,,,,,,,,,,,,,,,,,,,,,,,,,,,,,,,,,,,,,,,,,,,,,,,,,,,,,,,,,,,
A,PRO,52,,,,,,,,,,,,,,,,,,,,,,,,,,,,,,,,,,,,,,,,,,,,,,,,,,,,,,,,,,,,,,,,,,,,,,,,,,,,,,,,,,,,,,,,,,,,,,,,,,,,,,,,,,,,,,,,,,,,,,
A,TYR,54,,,,,,,,,,,,,,,,,,,,,,,,,,,,,,,,,,,,,,,,,,,,,,,,,,,,,,,,,,,,,,,,,,,,,,,,,,,,,,,,,,,,,,,,,,,,,,,,,,,,,,,,,,,,,,,,,,,,,,
A,ALA,116,,,,,,,,,,,,,,,,,,,,,,,,,,,,,,,,,,,,,,,,,,,,,,,,,,,,,,,,,,,,,,,,,,,,,,,,,,,,,,,,,,,,,,,,,,,,,,,,,,,,,,,,,,,,,,,,,,,,,,
A,CYS,117,,,,,,,,,,,,,,,,,,,,,,,,,,,,,,,,,,,,,,,,,,,,,,,,,,,,,,,,,,,,,,,,,,,,,,,,,,,,,,,,,,,,,,,,,,,,,,,,,,,,,,,,,,,,,,,,,,,,,,
A,TYR,118,,,,,,,,,,,,,,,,,,,,,,,,,,,,,,,,,,,,,,,,,,,,,,,,,,,,,,,,,,,,,,,,,,,,,,,,,,,,,,,,,,,,,,,,,,,,,,,,,,,,,,,,,,,,,,,,,,-0.0686,,,,
A,ASN,119,,,,,,,,,,,,,,,,,,,,,,,,,,,,,,,,,,,,,,,,,,,,,,,,,,,,,,,,,,,,,,,,,,,,,,,,,,,,,,,,,,,,,,,,,,,,,,,,,,,,,,,,,,,,,,,,,,,,,,
A,GLY,120,,,,,,,,,,,,,,,,,,,,,,,,,,,,,,,,,,,,,,,,,,,,,,,,,,,,,,,,,,,,,,,,,,,,,,,,,,,,,,,,,,,,,,,,,,,,,,,,,,,,,,,,,,,,,,,,,,,,,,
A,GLY,138,,,,,,,,,,,,,,,,,,,,,,,,,,,,,,,,,,,,,,,,,,,,,,,,,,,,,,,,,,,,,,,,,,,,,,,,,,,,,,,,,,,,,,,,,,,,,,,,,,,,,,,,,,,,,,,,,,,,,,
A,SER,139,,,,,,,,,,,,,,,,,,,,,,,,,,,,,,,,,,,,,,,,,,,,,,,,,,,,,,,,,,,,,,,,,,,,,,,,,,,,,,,,,,,,,,,,,,,,,,,,,,,,,,,,,,,,,,,,,,,,,,
A,PHE,140,-0.0045,-0.1444,,,,,-0.0364,,,-0.0035,,,,-0.0206,,-0.0126,,-0.0183,,,,,,,,,,,,,,,,,,,,,,,,,,,,,,,-0.0189,,,,,,,,,,,,-0.1778,,,,,,,-0.0034,,,,,,,,,,,,,,,,,,,,,,,,,,-0.1111,,,,,,,,,,-0.1248,,-0.0019,,,,,,,,-0.0008,,,-0.0210,
A,LEU,141,-0.4676,-0.0481,,,,-0.2838,,,,,,,,-0.1935,,,,,,-0.3884,,,,,,,,,,,,,,,,,,,,,,,,,,,,,,,,,,,,,,,,,,,,,,,,,,,,,,,,,,,,,,,,,,,,,,,,,,,,,-0.3989,,,,,,,-0.0095,,,,,,-0.0094,,-0.0270,-0.5874,-0.0182,,,,
A,ASN,142,-0.0772,-0.4545,-0.5960,-0.0494,,-0.1066,,-0.0092,-0.0819,-0.3132,-0.4969,,-0.0295,-0.1047,,-0.4459,-0.6309,,,-0.0604,,-0.8157,,,,,,,,-0.2313,-0.0214,,,-0.2882,-0.4585,-0.1784,-0.4566,,,,,-0.0701,,-0.0010,-0.0271,-0.4103,,-0.9026,,,,,,,-0.0137,,,-0.4521,,,-0.0701,,,-0.0351,,,-0.4923,-0.3377,-0.0543,,-0.4719,,,,-0.5459,,-0.0735,-0.0539,,-0.0506,-0.0230,-0.6457,,,,-0.1062,-0.0979,,,,,-0.0114,-0.0351,-0.0468,-0.0327,-0.0102,-0.1009,-1.1093,-0.0351,-0.3899,-0.7017,-0.0915,-0.1645,-0.0474,-0.0840,-0.0884,-0.6094,,-0.2081,-0.0480,,-0.0491,-1.0300,-0.0701,-0.0701,,-0.0351,
A,GLY,143,,,-0.3152,,,,,,,,,,-0.2434,,,,,,,,,,,,,,,,,,,,,,-0.2711,,,,,,,,,,,,,,,,,,,,,,,,,,,,,,,,,,,,,,,,,,,,,,,-0.2067,,,,,,,,,,,,,,,,,,,,,-0.1256,,,,,,,,,,,-1.1749,-0.3158,,-0.2976,
A,SER,144,-0.8119,,-0.1519,,,-0.1197,,,,,,,,,,,,,,-0.5874,,,,,,,,,,,,,,,,,,,,,,,,,,,,,,,,,,,,,,,,,,,,,,,,,,,,,,,,,,,,,,,,,,,,,,,,,,,,,,,,,,,,,,,,,,,,,,-0.5874,,,-1.1749,
A,CYS,145,-0.2957,,,,,,,,,,,,,,,,,,,,,,,,,,,,,,,,,,,,,,,,,,,,,,,,,,,,,,,,,,,,,,,,,,,,,,,,,,,,,,,,,,,,,,,,,,,,,,,,,,,,,,-0.0631,-0.4809,-0.1411,,,,,,,,,-0.5874,,,-0.5874,
A,GLY,146,,,,,,,,,,,,,,,,,,,,,,,,,,,,,,,,,,,,,,,,,,,,,,,,,,,,,,,,,,,,,,,,,,,,,,,,,,,,,,,,,,,,,,,,,,,,,,,,,,,,,,,,,,,,,,,,,,,,,,
A,SER,147,,,,,,,,,,,,,,,,,,,,,,,,,,,,,,,,,,,,,,,,,,,,,,,,,,,,,,,,,,,,,,,,,,,,,,,,,,,,,,,,,,,,,,,,,,,,,,,,,,,,,,,,,,,,,,,,,,,,,,
A,TYR,161,,,,,,,,,,,,,,,,,,,,,,,,,,,,,,,,,,,,,,,,,,,,,,,,,,,,,,,,,,,,,,,,,,,,,,,,,,,,,,,,,,,,,,,,,,,,,,,,,,,,,,,,,,,,,,,,,,,,,,
A,MET,162,,,,,,,,,,,,,,,,,,,,,,,,,,,,,,,,,,,,,,,,,,,,,,,,,,,,,,,,,,,,,,,,,,,,,,,,,,,,,,,,,,,,,,,,,,,,,,,,,,,,,,,,,,,,,,,,,,,,,,
A,HIS,163,,,,,,-0.1246,,,,-0.5666,,,,,,-0.3370,,,,-0.4310,,,,,,,,,,,,,,,,,,,,,,,,,,,,,,,,,,,,,,,,,,,,,,,,,,,,,,,,,,,,,,,,,,,,,,,,,,,,,,,,,,,,,,,,,,,,,,,,,-0.0129,
A,HIS,164,,,,-0.4680,,,,,-0.4061,,,,,,,,,,,,,,,,,,,,,,-0.3319,,,,,,,,,,,,,,,,,,,,,,,,,,,,,,,,,,,,,,,,,,,,,,,,,,,,,,,-0.1038,-0.1612,,,,,,-0.0030,,,,,,,-0.5874,,-0.0197,,,,,,,,,,,,-0.2868,-0.6087,-0.2132,-0.6040,
A,MET,165,-0.0351,-0.0781,-0.1091,-0.1558,-0.1662,-0.0121,-0.0940,-0.0909,-0.0599,-0.0600,-0.0487,-0.0099,-0.1170,-0.0064,,-0.0490,-0.0292,-0.0818,-0.0318,-0.0920,-0.1504,,,,,,,-0.0169,,-0.0351,-0.0919,,-0.0271,-0.0338,-0.1100,-0.0351,-0.0871,-0.0136,-0.0602,-0.0034,,-0.0250,-0.0606,-0.0056,-0.0170,-0.0274,,-0.0369,-0.0268,,,-0.1147,,,-0.0190,-0.0475,,,,,-0.0595,,,-0.0453,,,-0.0586,-0.0811,,-0.0132,,-0.0178,,,-0.0351,,-0.0026,-0.0333,-0.0038,-0.0348,,-0.0547,-0.0100,,-0.0051,-0.1161,,,,,,,-0.1808,-0.0701,-0.0420,,,-0.0115,-0.0627,-0.2748,-0.0433,-0.1873,,-0.0435,,-0.1485,,,,,,-0.0384,-0.1163,,-1.2004,-0.2149,-0.4709,-0.0502
A,GLU,166,-0.0747,-0.6393,-1.2912,-0.1540,-0.9207,-0.3879,-0.3632,-1.1872,-0.1029,-0.1757,-0.6024,-0.4553,-1.0343,-0.1400,-0.6976,-0.8058,-0.6132,-0.5882,-0.7152,-0.0756,-0.7073,-0.1885,-0.4205,-0.7249,-0.2971,-0.0813,-0.5219,-0.0233,-1.1506,-1.5372,-0.0733,-0.1004,-0.4153,-0.2200,-0.0797,-0.5473,-0.1040,-0.4271,-0.1851,-0.4302,-0.8384,-0.1429,-0.0579,-0.5856,-0.5175,-0.9432,-1.0338,-0.0678,-0.6808,-0.7116,-0.5443,-0.7326,-0.3577,-0.1127,-0.6322,-0.7692,-0.3558,-0.6617,-0.5329,-0.4344,-0.2901,-0.0491,-0.3401,-0.2887,-0.1769,-0.0069,-0.0333,-0.6199,-0.2986,,-0.1256,-0.2169,-0.4607,-0.4620,-0.0188,-0.3758,-0.1740,-0.7239,-0.8109,-0.2475,-0.0360,,-0.3972,,-0.7759,-0.6322,-0.0441,-0.2702,,-0.1403,-0.1089,-0.1795,-0.1095,-0.1232,-0.8113,-0.6392,,-0.0052,-0.8809,-0.0894,-0.3307,,,-0.1476,,-1.4812,,,-0.0520,-0.9641,,-0.7590,-0.0138,,-0.6033,-0.7976,,-0.4695
A,LEU,167,,,,,,,-0.0074,,,,,,,,,,,-0.0023,,,,,-0.5532,,,,,-0.0228,,,,,-0.0132,,,,,,-0.0177,,,,-0.0018,-0.4033,-0.4033,,,,,-0.2165,-0.1824,,,,,,-0.4071,,,-0.2789,,,-0.3950,-0.1279,,,,,,-0.0340,,,,-0.3858,,,,,,,,,,,-0.2628,,,,,,-0.5874,,,,,,,,,,,,,,,,,,,,,,,,,-0.2686,,-0.1098
A,PRO,168,,,,-0.0224,-0.0197,,-0.0533,,,-0.0701,,-0.1178,-0.0001,,-0.0022,-0.0216,,-0.1696,-0.0701,,-0.0700,,-0.1791,-0.1656,-0.1492,-0.0701,-0.2065,-0.1743,-0.0926,,-0.0315,-0.1928,-0.1729,-0.0559,,-0.0204,,-0.0998,-0.0874,-0.2626,-0.2498,,-0.0553,-0.0282,,,-0.2152,,-0.2234,-0.2135,-0.0787,-0.2038,-0.0049,-0.0209,-0.0179,-0.0960,-0.1366,-0.1615,-0.0952,-0.2969,,-0.2161,-0.1074,,-0.0389,-0.0478,-0.0705,,,-0.2845,-0.1177,-0.1403,-0.0841,-0.2549,,-0.1490,,,-0.1736,,,,,-0.2216,-0.2124,,,-0.1150,-0.0374,,-0.1894,,,,,-0.0726,,,-0.0037,,,,,,,,,-0.3354,-0.0229,,-0.1304,,,,,-0.0118,,-0.0535
A,THR,169,,,,,,,,,,,,,,,,,,,,,,,,,,,,,,,,,,,,,,,,,,,,,,,,,,,,,,,,,,,,,,,,,,,,,,,,,,,,,,,,,,,,,,,,,,,,,,,,,,,,,,,,,,,,,,,,,,,,,,
A,GLY,170,,,,,,,,,,,,,,,,,,,,,,,,,,,,,,,,,,,,,,,,,,,,,,,,,,,,,,,,,,,,,,,,,,,,,,,,,,,,,,,,,,,,,,,,,,,,,,,,,,,,,,,,,,,,,,,,,,,,,,
A,VAL,171,,,,,,,,,,,,,,,,,,,,,,,,,,,,,,,,,,,,,,,,,,,,,,,,,,,,,,,,,,,,,,,,,,,,,,,,,,,,,,,,,,,,,,,,,,,,,,,,,,,,,,,,,,,,,,,,,,,,,,
A,HIS,172,,,,,,,,,,,,,,,,,,,,,,,,,,,,,,,,,,,,,,,,,,,,,,,,,,,,,,,,,,,,,,,,,,,,,,,,,,,,,,,,,,,,,,,,,,,,,,,,,,,,,,,,,,,,,,,,,,,,,,
A,ALA,173,,,,,,,,,,,,,,,,,,,,,,,,,,,,,,,,,,,,,,,,,,,,,,,,,,,,,,,,,,,,,,,,,,,,,,,,,,,,,,,,,,,,,,,,,,,,,,,,,,,,,,,,,,,,,,,,,,,,,,
A,GLY,174,,,,,,,,,,,,,,,,,,,,,,,,,,,,,,,,,,,,,,,,,,,,,,,,,,,,,,,,,,,,,,,,,,,,,,,,,,,,,,,,,,,,,,,,,,,,,,,,,,,,,,,,,,,,,,,,,,,,,,
A,PHE,181,,,,,,,,,,,,,,,,,,,,,,,,,,,,,,,,,,,,,,,,,,,,,,,,,,,,,,,,,,,,,,,,,,,,,,,,,,,,,,,,,,,,,,,,,,,,,,,,,,,,,,,,,,,,,,,,,,,,,,
A,PHE,185,,,,,,,,,,,,,,,,,,,,,,,,,,,,,,,,,,,,,,,,,,,,,,,,,,,,,,,,,,,,,,,,,,,,,,,,,,,,,,,,,,,,,,,,,,,,,,,,,,,,,,,,,,,,,,,,,,,,,,
A,VAL,186,,,,,,,,,,,,,,,,,,,,,,,,,,,,,,,,,,,,,,,,,,,,,,,,,,,,,,,,,,,,,,,,,,,,,,,,,,,,,,,,,,,,,,,,,,,,,,,,,,,,,,,,,,,,,,,,,,,,,,
A,ASP,187,,,,,,,,,,,,,,,,,,,,,,,,,,,,,,,,,,,,,,,,,,,,,,,,,,,,,,,,,,,,,,,,,,,,,,,,,,,,,,,,,,,,,,,,,,,,,-0.0183,,,,,,,,,,,,,,,,,,,,,,,,,
A,ARG,188,,,,,,,,,,,,,,,,,,,,,,,,,,,,,,,,,,,,,,,,,,,,,,,,,,,,,,,,,,,,,,,,,,,,,,,,,,,,,,,,,,,,,,,,,,,,,,,,,,,,,,,,,,,,,,,,,,,,,,
A,GLN,189,-0.5825,,-0.0233,-0.2133,-1.0183,-0.5451,-0.7280,-1.1251,-0.2616,-0.0120,-0.0255,-0.2092,-0.0768,-0.4406,-0.4642,,-0.3860,-0.3588,-0.1871,-0.6110,-0.2475,-0.0054,-0.2082,-0.2883,-0.6655,-0.8298,-0.2269,-0.6956,-0.1093,-0.0570,-0.2636,-0.3765,-0.0774,-0.6106,,-0.0284,-0.1413,-0.1515,-0.6459,-0.3428,-0.3909,-0.1297,-0.4121,,-0.8484,-0.0156,,-0.4468,-0.2399,-0.1250,-0.1396,-0.1817,-0.0990,-0.4781,-0.0076,-0.7138,-0.4202,-0.2880,-0.1343,-0.0600,-0.3327,-0.4383,-0.5004,-0.0213,-0.2544,-0.4664,-0.0613,-0.0428,,-0.1568,,-0.5950,-0.0657,-0.1188,-0.0740,,-0.6834,-0.0561,-0.0218,-0.3979,-0.5225,-0.0126,-0.0587,-0.0701,-0.0226,-0.0204,-0.0473,-0.0779,-0.8305,-0.6100,-0.3231,,-1.3978,-0.6877,-0.0750,,-0.0485,-0.0625,-0.2474,-0.0535,-0.6864,-0.3752,-0.6645,-0.5874,-0.3781,-0.2069,-0.2424,-0.9848,-0.7869,,-1.2077,,-0.4107,-0.1402,-0.9231,-0.3598,-0.0932,-1.2901
A,THR,190,,,,,,,,,,,,,,,,,,,,,,,,,,,,,,,,,,,,,,,,,,,,,,,,,,,,,,,,,,,,,,,,,,,,,,-0.0008,,,,,,,,,,,,,,,,,,,,,,,,,,,,,,,,,,,,,,-0.3686,,,,,,,,,,
A,ALA,191,,,,,,,,,,,,-0.0351,,,,,,,,,,,,,,,,,,,,-0.0027,,,,,,,,,,,,,,,,,,,,,-0.0302,,,,,,,,,,,,,,,,,,,,,,,,,,,,,,,,-0.0196,,,,,,,,,,,,,,,,,,,,,,,,,,,,,,,,,
A,GLN,192,,,,,,,,,,,,,,,,,,,,,,,,,,,,,,,,,,,,,,,,,,,-0.0729,,,,,,,,,,,,,,,,,,,,,,,,,,,-0.0433,,,,,,,,,,,,,,,,,,,,,,,,,,,,,,,,,,,,,,,,,,,,,,,,
A,ALA,193,,,,,,,,,,,,,,,,,,,,,,,,,,,,,,,,,,,,,,,,,,,,,,,,,,,,,,,,,,,,,,,,,,,,,,,,,,,,,,,,,,,,,,,,,,,,,,,,,,,,,,,,,,,,,,,,,,,,,,

Intra-Ligand Free,,,0.1500,-0.0234,-0.1682,0.7454,-0.1703,0.1168,-0.2210,-0.0580,-0.1854,0.5607,0.1437,-0.1715,0.3570,0.4615,-0.0887,-0.2137,-0.1704,-0.2051,-0.2210,0.7046,-0.2107,-0.1516,0.1234,-0.2135,-0.1968,-0.1918,-0.1832,0.0669,-0.1591,0.0484,0.1235,-0.2146,-0.2087,0.3874,0.3725,-0.0790,1.0089,-0.2203,0.5643,-0.0740,-0.0324,0.4529,0.0389,-0.0887,0.5406,0.1021,0.4087,-0.0942,0.1596,0.0883,-0.2055,0.4446,0.5123,-0.2062,-0.1861,0.6781,-0.2138,-0.1653,-0.0939,-0.1323,0.4180,-0.0602,-0.2147,0.4348,0.5550,-0.0394,0.4750,0.8870,0.4053,0.4460,-0.0130,0.7967,0.1351,0.5509,0.3664,0.1135,0.6081,-0.1941,0.7001,1.3604,-0.0865,1.2355,0.4116,0.2250,1.2912,-0.1799,0.3472,0.2779,-0.0785,-0.0260,1.8314,0.3746,1.1348,2.0365,0.9439,0.3562,2.0617,5.7986,1.2325,2.4298,-0.1639,-0.0381,-0.0127,2.4456,1.7277,0.2908,1.2823,0.3223,0.3311,6.8321,0.4200,4.3894,1.1704,0.7523,1.9102,0.0374,1.0842,0.2328
Inter-Ligand Free,,,-9.0576,-7.5425,-7.3409,-8.2338,-7.2865,-7.4202,-7.0029,-7.0286,-6.4560,-7.2018,-6.7612,-6.4018,-6.8272,-6.8649,-6.2921,-6.1480,-6.1698,-6.1096,-6.0921,-6.9985,-6.0775,-6.1176,-6.3588,-5.9670,-5.9589,-5.9484,-5.9362,-6.1813,-5.8938,-6.0383,-6.1014,-5.6610,-5.6072,-6.2011,-6.1311,-5.6271,-6.6471,-5.3752,-6.1214,-5.4713,-5.4844,-5.9500,-5.5177,-5.3899,-6.0034,-5.5099,-5.7766,-5.2684,-5.5213,-5.4264,-5.0352,-5.5861,-5.6193,-4.8768,-4.8575,-5.6996,-4.7394,-4.5121,-4.5504,-4.5119,-4.9667,-4.4735,-4.2941,-4.8164,-4.9023,-4.2612,-4.6951,-4.9905,-4.4935,-4.4776,-3.9920,-4.7192,-4.0202,-4.3840,-4.1149,-3.4921,-3.9736,-3.1594,-4.0514,-4.5766,-2.7085,-3.6747,-2.8476,-2.5143,-3.2343,-0.8044,-1.0114,0.1913,0.6522,0.7575,-0.6441,0.9975,1.1140,0.7203,2.0796,4.2660,2.6205,-0.8101,4.8245,5.4369,9.1293,10.9686,13.6686,12.6839,15.3304,17.3300,23.2840,25.8246,26.7781,21.2542,29.6224,30.1623,39.7316,62.9232,62.8102,85.1539,95.6847,112.3332
Total Free Energy,,,-8.9076,-7.5659,-7.5092,-7.4884,-7.4568,-7.3034,-7.2239,-7.0866,-6.6413,-6.6410,-6.6175,-6.5733,-6.4702,-6.4034,-6.3809,-6.3617,-6.3402,-6.3147,-6.3131,-6.2939,-6.2882,-6.2692,-6.2354,-6.1806,-6.1558,-6.1402,-6.1194,-6.1144,-6.0529,-5.9899,-5.9778,-5.8756,-5.8159,-5.8137,-5.7586,-5.7061,-5.6382,-5.5955,-5.5571,-5.5453,-5.5168,-5.4971,-5.4788,-5.4786,-5.4628,-5.4078,-5.3679,-5.3626,-5.3617,-5.3381,-5.2407,-5.1415,-5.1070,-5.0830,-5.0436,-5.0215,-4.9531,-4.6773,-4.6443,-4.6442,-4.5487,-4.5337,-4.5088,-4.3816,-4.3474,-4.3005,-4.2201,-4.1035,-4.0882,-4.0315,-4.0050,-3.9225,-3.8851,-3.8331,-3.7484,-3.3786,-3.3655,-3.3536,-3.3513,-3.2161,-2.7950,-2.4391,-2.4360,-2.2893,-1.9430,-0.9843,-0.6642,0.4692,0.5736,0.7315,1.1872,1.3720,2.2488,2.7567,3.0235,4.6222,4.6822,4.9886,6.0570,7.8666,8.9654,10.9305,13.6559,15.1296,17.0581,17.6208,24.5662,26.1469,27.1092,28.0863,30.0425,34.5517,40.9019,63.6755,64.7204,85.1913,96.7689,112.5660
Normalized Total Free Energy,,,-8.1095,-6.9082,-6.8574,-6.8388,-6.8105,-6.6732,-6.6020,-6.4790,-6.0804,-6.0802,-6.0591,-6.0195,-5.9272,-5.8674,-5.8472,-5.8301,-5.8108,-5.7880,-5.7866,-5.7693,-5.7643,-5.7473,-5.7170,-5.6679,-5.6457,-5.6318,-5.6131,-5.6086,-5.5536,-5.4972,-5.4864,-5.3949,-5.3414,-5.3394,-5.2901,-5.2431,-5.1823,-5.1441,-5.1097,-5.0991,-5.0736,-5.0559,-5.0396,-5.0394,-5.0252,-4.9760,-4.9403,-4.9355,-4.9347,-4.9136,-4.8264,-4.7376,-4.7067,-4.6852,-4.6499,-4.6302,-4.5689,-4.3220,-4.2925,-4.2923,-4.2068,-4.1935,-4.1711,-4.0572,-4.0266,-3.9846,-3.9127,-3.8082,-3.7946,-3.7438,-3.7201,-3.6462,-3.6127,-3.5662,-3.4903,-3.1592,-3.1475,-3.1368,-3.1348,-3.0138,-2.6367,-2.3181,-2.3153,-2.1840,-1.8739,-1.0155,-0.7290,0.2858,0.3793,0.5206,0.9287,1.0941,1.8791,2.3338,2.5727,4.0041,4.0578,4.3321,5.2887,6.9088,7.8926,9.6520,12.0921,13.4115,15.1382,15.6420,21.8603,23.2755,24.1370,25.0119,26.7633,30.8005,36.4860,56.8756,57.8111,76.1391,86.5047,100.6482
