Chain ID,Residue name,Residue sequence,Conf 1,Conf 2,Conf 3,Conf 4,Conf 5,Conf 6,Conf 7,Conf 8,Conf 9,Conf 10,Conf 11,Conf 12,Conf 13,Conf 14,Conf 15,Conf 16,Conf 17,Conf 18,Conf 19,Conf 20,Conf 21,Conf 22,Conf 23,Conf 24,Conf 25,Conf 26,Conf 27,Conf 28,Conf 29,Conf 30,Conf 31,Conf 32,Conf 33,Conf 34,Conf 35,Conf 36,Conf 37,Conf 38,Conf 39,Conf 40,Conf 41,Conf 42,Conf 43,Conf 44,Conf 45,Conf 46,Conf 47,Conf 48,Conf 49,Conf 50,Conf 51,Conf 52,Conf 53,Conf 54,Conf 55,Conf 56,Conf 57,Conf 58,Conf 59,Conf 60,Conf 61,Conf 62,Conf 63,Conf 64,Conf 65,Conf 66,Conf 67,Conf 68,Conf 69,Conf 70,Conf 71,Conf 72,Conf 73,Conf 74,Conf 75,Conf 76,Conf 77,Conf 78,Conf 79,Conf 80,Conf 81,Conf 82,Conf 83,Conf 84,Conf 85,Conf 86,Conf 87,Conf 88,Conf 89,Conf 90,Conf 91
A,VAL,20,,,,,-0.0039,,,,,,,,,,,,-0.0042,,,,-0.0039,,,,,,,,,,,,,,,,,,,,,,,,,,,,,,,,,,,,,,,,,,,,,,,,,,,,,,,,,,,,,,,,,,,,,,
A,CYS,22,,,,,,,,,,,,,,,,,-0.0038,,,,,,-0.0049,,,,,,,,,,,,,,,,,,,,,,,,,,,,,,,,,,,,,,,,,,,,,,,,,,,,,,,,,,,,,,,,,,,,
A,GLY,23,,,,,,,,,,,,,,,,,,,,,,,-0.0047,,,,,,,,,,,,,,,,,,,,,,,,,,,,,,,,,,,,,,,,,,,,,,,,,,,,,,,,,,,,,,,,,,,,
A,THR,24,,,,,-0.0092,,,,,,,,,,,,-0.0235,,,,-0.0226,,-0.0208,,,-0.0220,,,,-0.0096,,,,,,,-0.0050,,,,,,,,,,,,,,,,,,,,,,,,,,,,,,,,,,,,,,,,,,,,,,,,,,,,,,
A,THR,25,,,,,-0.0245,,,,,,,,,,,,-0.0120,,,,-0.0150,,-0.0098,,-0.0047,-0.0180,,,-0.0132,-0.0329,,,,,,,-0.0283,,,,,,,,-0.0051,,,,,,,,,,,,,,,,,,,,,,,-0.0046,,,,,,,,,,,,,,,,,,,,,,,
A,THR,26,,,,,-0.0249,,,,,,,,,,,,-0.0121,,,,-0.0109,,-0.0241,,-0.0050,-0.0248,,,-0.0139,-0.0162,,,,,,,-0.0266,,,,,,,,,,,,,,,,,,,,,,,,,,,,,,,,,,,,,,,,,,,,,,,,,,,,,,-0.0146
A,LEU,27,,,-0.0046,,-0.0228,,,,,,,,,,,,-0.0262,,,,-0.0241,-0.0051,-0.0089,,-0.0095,-0.0253,,,-0.0180,-0.0234,,,,,,,-0.0254,,,,,,,,,,,,,,,,,,,,,,,,,,,,,,,,,,,,,,,,,,,,,,,,,,,,,,
A,ASN,28,,,,,-0.0049,,,,,,,,,,,,,,,,,,,,,,,,,,,,,,,,,,,,,,,,,,,,,,,,,,,,,,,,,,,,,,,,,,,,,,,,,,,,,,,,,,,,,,
A,PRO,39,,-0.0051,-0.0045,,-0.0188,,,,,,,,,,,,,,,,,-0.0045,,,,,,,-0.0093,,,,,,,,,,,,,,,,,,,,,,,,,,,,,,,,,,,,,,,,,,,,,,,,,,,,,,,,,,,,,,
A,ARG,40,-0.0047,,-0.0042,,,,,,,,,,,,,,,,,,,,,,,,,,,,,,,,,,,,,,,,,,,,,,,,,,,,,,,,,,,,,,,,,,,,,,,,,,,,,,,,,,,,,,,,
A,HIS,41,-0.0256,-0.0250,-0.0208,,-0.0318,,-0.0100,,-0.0309,,,-0.0149,,-0.0135,-0.0094,,-0.0146,,-0.0246,,,-0.0265,-0.0051,,-0.0188,-0.0287,,,-0.0284,,,,,,,,-0.0102,,,,-0.0148,,,,-0.0322,,,,,,,,,,,,,,,,,,,,,,,,,,,,,,,,,,,,,,,,,,,,,,
A,VAL,42,-0.0048,,-0.0050,,-0.0315,,,,,,,,,,,,-0.0190,,,,-0.0045,,-0.0182,,,-0.0238,,,-0.0098,,,,,,,,,,,,,,,,,,,,,,,,,,,,,,,,,,,,,,,,,,,,,,,,,,,,,,,,,,,,,,
A,ILE,43,,,,,-0.0042,,,,,,,,,,,,,,,,,,,,,,,,,,,,,,,,,,,,,,,,,,,,,,,,,,,,,,,,,,,,,,,,,,,,,,,,,,,,,,,,,,,,,,
A,CYS,44,-0.0205,-0.0093,-0.0181,,-0.0181,,,,,,,,,,,,-0.0051,,,,-0.0045,,-0.0129,,,-0.0183,,,,,,,,,,,,,,,,,,,,,,,,,,,,,,,,,,,,,,,,,,,,,,,,,,,,,,,,,,,,,,,,,
A,THR,45,-0.0051,,-0.0049,,,,,,,,,,,,,,,,,,,,-0.0283,,,-0.0291,,,,,,,,,,,,,,,,,,,,,,,,-0.0103,,,,,,,,,,,,,,,,,,-0.0097,,,,,,,,,,,,,,,,,,,,,,,
A,SER,46,,,,,,,,,,,,,,,,,-0.0041,,,,,,-0.0180,,,-0.0201,,,,,,,,,,,,,,,,,,,-0.0089,,,,,-0.0204,,,,,,-0.0195,,,,,,,,,,,,-0.0271,,-0.0041,,,,,,,,,,,-0.0046,,,,,,,,,-0.0046,
A,GLU,47,,,,,,,,,,,,,,,,,,,,,,,,,,,,,,,,,,,,,,,,,,,,,,,,,,-0.0048,,,,,,,,,,,,,,,,,,,,,,,,,,,,,,,,,,,,,,,,,
A,ASP,48,-0.0189,,-0.0087,,,,,,,,,,,,,,,,,,,,,,,,,,,,,,,,,,,,,,,,,,,,,,,,,,,,,,,,,,,,,,,,,,,,,,,,,,,,,,,,,,,,,,,,
A,MET,49,-0.0101,-0.0310,-0.0179,,-0.0100,-0.0051,,-0.0143,-0.0259,-0.0050,,-0.0044,,-0.0141,,-0.0136,-0.0090,,-0.0141,,-0.0094,-0.0213,-0.0111,,-0.0086,-0.0117,,,-0.0126,,,-0.0092,,-0.0044,,,-0.0089,,,-0.0046,-0.0129,,,,-0.0106,,,,-0.0045,-0.0289,,,,-0.0045,,-0.0191,,,-0.0134,,,,,,,,,-0.0121,,-0.0097,,,,,,,,,,,-0.0122,,,,,,,,,-0.0100,
A,LEU,50,-0.0197,,-0.0050,,,,,,,,,,,,,,,,,,,,,,,,,-0.0046,,,,-0.0096,,,,,,,,,,,,,,,,,,,,,,,,,,,-0.0243,,,,,,,,,,,,-0.0048,,,,,-0.0049,,,,,,,,,,,,,,,
A,ASN,51,-0.0047,,,,,,,,,,,,,,,,,,,,,,,,,,,,,,,,,,,,,,,,,,,,,,,,,,,,,,,,,,,,,,,,,,,,,,,,,,,,,,,,,,,,,,,,,,
A,PRO,52,-0.0211,-0.0094,-0.0100,,,,,,,,,,,,,,,,,,,,,,,,,,,,,,,,,,,,,,,,,,,,,,,,,,,,,,,,,,,,,,,,,,,,,,,,,,,,,,,,,,,,,,,,
A,TYR,54,-0.0210,-0.0171,-0.0175,,,,,,-0.0094,,,,,,,,,,,,,-0.0041,,,,,,,,,,,,,,,,,,,,,,,,,,,,,,,,,,,,,,,,,,,,,,,,,,,,,,,,,,,,,,,,,,,,,
A,TYR,118,,,,-0.0141,,,,,,,,-0.0048,,,,,,,,,,,,,,,,,,-0.0050,,,,,,,,,,,,,,,,,,,,,,,,,,,,,,,,,,,,,,,,,,,,,,,,,,,,,,,,,,,,,-0.0235
A,ASN,119,,,,,,,,,,,,,,,,,-0.0041,,,,-0.0050,,,,,,,,,-0.0271,,,,,,,,,,,,,,,,,,,,,,,,,,,,,,,,,,,,,,,,,,,,,,,,,,,,,,,,,,,,,-0.0150
A,SER,139,,,,-0.0095,,,,,,,,,,,,,,,,,,,,,,,,,,,,,,,,,,,,,,,,,,,,,,,,,,,,,,,,,,,,,,,,,,,,,,,,,,,,,,,,,,,,,,,
A,PHE,140,,,,-0.0289,,,-0.0364,,,,,-0.0278,,,-0.0279,,,-0.0229,-0.0088,,,,,-0.0179,,,,,,,,,-0.0096,,-0.0049,-0.0039,,-0.0187,,,-0.0039,,-0.0146,,,,,,,,,,,-0.0045,,,-0.0205,,,-0.0048,,,,,,-0.0047,-0.0099,,,,,,,,,,,-0.0096,,,,,,,,,,,,,
A,LEU,141,,,,-0.0165,-0.0042,,-0.0157,,,,,-0.0137,,,-0.0204,,,-0.0244,-0.0140,,,-0.0042,,-0.0278,-0.0196,,,,-0.0100,-0.0098,,,-0.0137,,,,-0.0100,-0.0234,,,-0.0171,,-0.0186,,-0.0095,,,,,,,,,-0.0149,,,-0.0330,,,-0.0148,,,,-0.0048,,,-0.0338,,,,,,,,,,,-0.0186,,,-0.0101,,,,,,,,,,-0.0304
A,ASN,142,,,,-0.0251,-0.0328,,-0.0314,,,,,-0.0153,,-0.0096,-0.0314,,-0.0340,-0.0235,-0.0325,,-0.0300,-0.0148,-0.0042,-0.0251,-0.0104,-0.0304,,,-0.0382,-0.0254,,,-0.0275,,-0.0182,-0.0096,-0.0155,-0.0250,,-0.0042,-0.0169,,-0.0212,,-0.0295,,,,-0.0145,-0.0150,,,,-0.0232,,-0.0143,-0.0265,,,-0.0179,-0.0142,,,-0.0155,,-0.0145,-0.0205,-0.0256,,-0.0202,,,,,,,,-0.0189,-0.0137,,-0.0191,-0.0143,,,,,-0.0136,,,,-0.0061
A,GLY,143,,,,-0.0145,-0.0148,,-0.0146,,,,,-0.0127,,,-0.0095,,-0.0162,-0.0051,-0.0145,,-0.0166,-0.0050,-0.0088,,-0.0116,-0.0140,,,-0.0169,-0.0075,,,,,,,-0.0096,-0.0044,,,-0.0127,,-0.0051,,-0.0094,,,,,,,,,-0.0042,,,,,,,,,,,,,,-0.0051,,,,,,,,,,,,,-0.0095,,,,,,,,,,-0.0089
A,SER,144,,,,-0.0245,-0.0149,,-0.0257,,,,,-0.0205,,,-0.0239,,-0.0046,-0.0140,-0.0246,,-0.0042,,,-0.0039,-0.0243,,,,-0.0194,-0.0093,,,,,,,-0.0137,-0.0039,,,-0.0099,,-0.0042,,-0.0040,,,,,,,,,,,,,,,,,,,,,,,,,,,,,,,,,,,,,,,,,,,,,,-0.0093
A,CYS,145,-0.0048,-0.0089,-0.0092,-0.0191,-0.0215,,-0.0141,,-0.0084,,,-0.0184,,-0.0050,-0.0177,,-0.0045,-0.0049,-0.0134,,,-0.0145,,,-0.0161,-0.0094,,,-0.0204,-0.0042,,,,,,,-0.0200,,,,-0.0180,,-0.0051,,-0.0095,,,,,,,,,,,,,,,,,,,,,,,,,,,,,,,,,,,,,,,,,,,,,,
A,GLY,146,,,,,-0.0045,,,,,,,,,,,,,,,,,,,,,,,,,,,,,,,,,,,,,,,,,,,,,,,,,,,,,,,,,,,,,,,,,,,,,,,,,,,,,,,,,,,,,,
A,HIS,163,,-0.0084,,-0.0190,,,-0.0302,,,,,-0.0334,,-0.0099,-0.0197,,,-0.0148,-0.0326,,,-0.0238,,-0.0095,-0.0091,,,,-0.0132,,,,-0.0043,,,,,-0.0097,,,-0.0090,,-0.0139,,,,,,,,,,,,,,,,,,,,,,,,,,,,,,,,,,,,,,,,,,,,,,,,
A,HIS,164,-0.0234,-0.0306,-0.0258,-0.0186,-0.0096,-0.0098,-0.0174,-0.0102,-0.0261,-0.0042,,-0.0158,,-0.0113,-0.0151,-0.0095,,-0.0090,-0.0159,,,-0.0250,,,-0.0099,,,,-0.0160,,,,,,,,,-0.0047,,,-0.0098,,-0.0101,,-0.0095,,,,,,,,,-0.0039,,,,,,,,,,,,,,,,,,,,,,,,,,,,,,,,,,,,,
A,MET,165,-0.0283,-0.0209,-0.0270,-0.0221,,-0.0239,-0.0161,-0.0233,-0.0231,-0.0330,-0.0132,-0.0244,-0.0137,-0.0203,-0.0186,-0.0325,,-0.0238,-0.0197,-0.0095,,-0.0239,,-0.0197,-0.0135,,-0.0273,,-0.0197,,,,-0.0275,-0.0091,-0.0196,-0.0322,,-0.0235,,-0.0046,-0.0201,,-0.0274,,-0.0091,,-0.0191,,-0.0149,,,,,-0.0153,,,,,,,,,,,,,,,,,,,,,,,,,,,,,,,,,,,,,
A,GLU,166,,-0.0095,-0.0043,-0.0196,,-0.0176,-0.0252,-0.0156,-0.0237,-0.0196,-0.0146,-0.0413,-0.0326,-0.0257,-0.0218,-0.0259,,-0.0175,-0.0343,-0.0219,,-0.0232,,-0.0165,-0.0040,,-0.0194,-0.0051,,,-0.0365,-0.0096,-0.0104,-0.0231,-0.0141,-0.0109,,-0.0180,-0.0136,-0.0333,-0.0186,-0.0281,-0.0307,-0.0182,,,-0.0341,-0.0041,-0.0411,,-0.0192,,-0.0292,-0.0422,-0.0096,,-0.0264,-0.0296,,-0.0415,-0.0399,-0.0241,-0.0289,-0.0047,-0.0175,-0.0320,-0.0232,,-0.0407,,-0.0045,-0.0164,-0.0139,-0.0137,-0.0324,,-0.0179,-0.0175,-0.0424,-0.0176,,-0.0280,-0.0048,-0.0041,,-0.0178,-0.0179,,,,
A,LEU,167,,,,-0.0050,,-0.0320,-0.0051,-0.0320,,-0.0323,-0.0188,,-0.0212,-0.0240,-0.0051,-0.0327,,-0.0096,,-0.0196,,,,-0.0194,,,-0.0187,-0.0139,,,-0.0231,-0.0045,-0.0181,-0.0187,-0.0175,-0.0220,,-0.0193,-0.0227,-0.0126,,-0.0174,-0.0047,-0.0128,,,-0.0237,-0.0146,-0.0190,,-0.0168,-0.0050,-0.0160,,-0.0196,,-0.0043,-0.0172,,,-0.0199,-0.0100,-0.0183,,-0.0093,-0.0100,,,-0.0186,,,-0.0098,-0.0147,-0.0091,-0.0102,,-0.0094,,-0.0039,-0.0096,,-0.0041,-0.0091,,,,,,,,
A,PRO,168,,,,,,-0.0221,,-0.0197,,-0.0226,-0.0103,,-0.0086,-0.0041,,-0.0246,,,,-0.0088,,,,,,,-0.0171,-0.0197,,,-0.0111,-0.0248,-0.0231,-0.0253,-0.0341,-0.0339,,,-0.0140,-0.0185,,-0.0138,,-0.0100,,-0.0219,-0.0233,-0.0174,-0.0134,,-0.0174,-0.0229,-0.0224,,-0.0248,,,-0.0151,,,-0.0330,-0.0228,-0.0314,,-0.0240,-0.0189,,,-0.0281,,-0.0242,-0.0165,-0.0210,-0.0254,-0.0326,-0.0140,-0.0208,,,-0.0225,,-0.0085,-0.0248,-0.0297,-0.0092,-0.0051,,-0.0286,-0.0102,,
A,THR,169,,,,,,,,,,,-0.0180,,-0.0137,,,,,,,-0.0143,,,,,,,-0.0044,,,,-0.0093,,,,,,,,-0.0052,,,-0.0210,,-0.0261,,,-0.0046,-0.0051,,,-0.0207,-0.0043,-0.0203,,,,,-0.0148,,,,-0.0183,-0.0098,,-0.0212,,,,-0.0046,,,-0.0190,-0.0050,,-0.0045,,-0.0201,,,-0.0093,,,-0.0094,,,,,,,,
A,GLY,170,,,,,,,,,,,-0.0173,,-0.0097,,,,,,,-0.0145,,,,,,,,,,,-0.0046,,-0.0088,,-0.0096,-0.0095,,,,,,-0.0152,,-0.0100,,,,,,,-0.0082,,-0.0134,,,,-0.0084,-0.0101,,,,-0.0186,-0.0146,,-0.0156,-0.0093,,,-0.0041,,,-0.0144,,,-0.0090,,-0.0099,-0.0043,,-0.0103,,,-0.0044,,,-0.0091,,,,,
A,VAL,171,,,,-0.0047,,,-0.0043,,,,-0.0146,,-0.0042,,-0.0041,,,-0.0040,,-0.0092,,,,-0.0040,,,-0.0044,,,,,,-0.0048,,-0.0045,-0.0050,,,,,,-0.0092,,,,,,,,,-0.0136,,-0.0091,,,,,,,,,,,,,,,,,,,-0.0048,,,,,,,,,,,,,,,,,,,
A,HIS,172,,,,-0.0280,,,-0.0317,,,,,-0.0094,,,-0.0188,,,-0.0184,-0.0043,,,,,-0.0144,,,,,,,,,-0.0102,,-0.0094,-0.0092,,-0.0103,,,,,-0.0090,,,,,,,,-0.0041,,,,,,-0.0148,,,,,,,,,,,,,,,,,,,,,,,,,,,,,,,,,,
A,ALA,173,,-0.0043,,,,,-0.0091,,,,,,,,,,,,,,,,,,,,-0.0047,,,,,,,,,,,,,,,,,,,,,,,,,,,,,,,,,,,,,,,,,,,,,,,,,,,,,,,,,,,,,,,,
A,PHE,181,,-0.0147,,,,,,,-0.0045,,,,,,,,,,,,,,,,,,,,,,,,,,,,,,,,,,,,,,,,,,,,,,,,,,,,,,,,,,,,,,,,,,,,,,,,,,,,,,,,,,
A,PHE,185,,,,,,,,,,,,,,,,,,,,,,,,,,,-0.0196,,,,,,,,,,,,,,,,,,,,,,,,,,,,,,,,,,,,,,,,,,,,,,,,,,,,,,,,,,,,,,,,
A,VAL,186,-0.0101,-0.0120,-0.0093,,,-0.0094,,-0.0096,-0.0101,-0.0047,,,,,,,,,,,,,,,,,-0.0190,,,,,,,,,,,,,,,,,,,,,,,,,,,,,,,,,,,,,,,,,,,,,,,,,,,,,,,,,,,,,,,,
A,ASP,187,-0.0226,-0.0178,-0.0314,,,-0.0188,,-0.0142,-0.0285,,,,,,,,,,,,,-0.0189,,,,,-0.0090,,,,,,,,,,,,,,,,,,,,,,,,,,,,,,,,,,,,,,,,,,,,,,,,,,,,,,,,,,,,,,,,
A,ARG,188,-0.0164,-0.0156,-0.0182,,,-0.0197,,-0.0215,-0.0174,-0.0151,,,,-0.0191,,-0.0178,,,,,,-0.0184,,,,,-0.0238,-0.0095,,,,-0.0098,,-0.0103,,,,,,-0.0086,,,,,,,-0.0044,,,,,,,,,,,,,,,,,,,,,,,,,,,,,,,,,,,,,,,,,,,,
A,GLN,189,-0.0230,-0.0285,-0.0212,,-0.0042,-0.0168,-0.0051,-0.0135,-0.0229,-0.0119,-0.0038,-0.0052,-0.0405,-0.0241,-0.0143,-0.0164,,-0.0048,-0.0165,-0.0181,,-0.0260,,-0.0094,-0.0095,-0.0047,-0.0354,-0.0328,-0.0181,,-0.0396,-0.0112,-0.0194,-0.0143,-0.0193,-0.0239,-0.0041,-0.0186,-0.0289,-0.0234,-0.0162,,-0.0175,,-0.0172,-0.0103,-0.0386,,-0.0275,-0.0137,,-0.0089,,-0.0193,-0.0388,-0.0106,,,-0.0249,-0.0149,-0.0234,,,-0.0049,,,,-0.0150,-0.0246,-0.0158,-0.0357,,,-0.0373,,-0.0328,,,-0.0153,,-0.0151,-0.0038,,,-0.0232,,,,,-0.0250,
A,THR,190,-0.0050,-0.0045,,,,-0.0222,,-0.0239,-0.0046,-0.0250,,,-0.0191,-0.0042,,-0.0187,,,,-0.0049,,,,,,,-0.0182,-0.0194,,,-0.0192,-0.0243,,-0.0176,,,,,-0.0192,-0.0142,,,,,,-0.0200,-0.0198,-0.0101,,,,-0.0186,,,-0.0192,,,,-0.0199,,,,,,,,,,,,-0.0195,,-0.0042,-0.0087,,-0.0197,,,,,,,,,,,,,,,
A,ALA,191,,,,,,-0.0189,,-0.0094,,-0.0151,,,-0.0147,,,-0.0042,,,,,,,,,,,-0.0172,-0.0099,,,-0.0190,-0.0189,,-0.0097,,,,,-0.0199,,,,,,,-0.0114,-0.0089,-0.0196,,,,-0.0185,,,-0.0195,,,,-0.0041,,,,,,,,,,,,-0.0183,,,,,-0.0145,,,,,,,,,,,,,-0.0149,,
A,GLN,192,-0.0044,-0.0052,,,,-0.0375,,-0.0320,-0.0046,-0.0339,,,-0.0146,,,-0.0051,,,,-0.0042,,,,,,,-0.0129,-0.0328,,,-0.0097,-0.0088,,,,,,,-0.0099,,,,,,,-0.0191,-0.0041,-0.0087,,,,-0.0100,,,-0.0047,,,,,,,,,,,,,,,,-0.0047,,,,,,,,,,,,,,,,,,,,
A,ALA,193,,,,,,,,,,,,,,,,,,,,,,,,,,,-0.0099,,,,,,,,,,,,,,,,,,,,,,,,,,,,,,,,,,,,,,,,,,,,,,,,,,,,,,,,,,,,,,,,

Intra-Ligand Free,,,0.0000,0.0000,0.0000,0.0000,0.0000,0.0000,0.0000,0.0000,0.0000,0.0000,0.0000,0.0000,0.0000,0.0000,0.0000,0.0000,0.0000,0.0000,0.0000,0.0000,0.0000,0.0000,0.0000,0.0000,0.0000,0.0000,0.0000,0.0000,0.0000,0.0000,0.0000,0.0000,0.0000,0.0000,0.0000,0.0000,0.0000,0.0000,0.0000,0.0000,0.0000,0.0000,0.0000,0.0000,0.0000,0.0000,0.0000,0.0000,0.0000,0.0000,0.0000,0.0000,0.0000,0.0000,0.0000,0.0000,0.0000,0.0000,0.0000,0.0000,0.0000,0.0000,0.0000,0.0000,0.0000,0.0000,0.0000,0.0000,0.0000,0.0000,0.0000,0.0000,0.0000,0.0000,0.0000,0.0000,0.0000,0.0000,0.0000,0.0000,0.0000,0.0000,0.0000,0.0000,0.0000,0.0000,0.0000,0.0000,0.0000,0.0000,0.0000
Inter-Ligand Free,,,-0.8571,-0.7719,-0.6780,-0.6223,-0.5948,-0.5753,-0.5591,-0.5392,-0.4913,-0.4822,-0.4801,-0.4654,-0.4576,-0.4499,-0.4440,-0.4425,-0.4407,-0.4239,-0.4125,-0.4069,-0.3968,-0.3939,-0.3926,-0.3896,-0.3877,-0.3863,-0.3828,-0.3811,-0.3783,-0.3578,-0.3557,-0.3540,-0.3353,-0.3338,-0.3322,-0.3227,-0.3145,-0.3075,-0.2761,-0.2683,-0.2603,-0.2487,-0.2427,-0.2366,-0.2308,-0.2265,-0.2166,-0.2151,-0.2083,-0.2072,-0.2061,-0.2000,-0.1902,-0.1674,-0.1587,-0.1563,-0.1501,-0.1486,-0.1477,-0.1331,-0.1305,-0.1296,-0.1291,-0.1252,-0.1245,-0.1243,-0.1239,-0.1236,-0.1206,-0.1130,-0.1118,-0.1062,-0.1020,-0.0943,-0.0886,-0.0885,-0.0782,-0.0778,-0.0752,-0.0694,-0.0659,-0.0588,-0.0526,-0.0338,-0.0323,-0.0319,-0.0315,-0.0286,-0.0251,0.0931,1.9041
Total Free Energy,,,-0.8571,-0.7719,-0.6780,-0.6223,-0.5948,-0.5753,-0.5591,-0.5392,-0.4913,-0.4822,-0.4801,-0.4654,-0.4576,-0.4499,-0.4440,-0.4425,-0.4407,-0.4239,-0.4125,-0.4069,-0.3968,-0.3939,-0.3926,-0.3896,-0.3877,-0.3863,-0.3828,-0.3811,-0.3783,-0.3578,-0.3557,-0.3540,-0.3353,-0.3338,-0.3322,-0.3227,-0.3145,-0.3075,-0.2761,-0.2683,-0.2603,-0.2487,-0.2427,-0.2366,-0.2308,-0.2265,-0.2166,-0.2151,-0.2083,-0.2072,-0.2061,-0.2000,-0.1902,-0.1674,-0.1587,-0.1563,-0.1501,-0.1486,-0.1477,-0.1331,-0.1305,-0.1296,-0.1291,-0.1252,-0.1245,-0.1243,-0.1239,-0.1236,-0.1206,-0.1130,-0.1118,-0.1062,-0.1020,-0.0943,-0.0886,-0.0885,-0.0782,-0.0778,-0.0752,-0.0694,-0.0659,-0.0588,-0.0526,-0.0338,-0.0323,-0.0319,-0.0315,-0.0286,-0.0251,0.0931,1.9041
Normalized Total Free Energy,,,-0.8571,-0.7719,-0.6780,-0.6223,-0.5948,-0.5753,-0.5591,-0.5392,-0.4913,-0.4822,-0.4801,-0.4654,-0.4576,-0.4499,-0.4440,-0.4425,-0.4407,-0.4239,-0.4125,-0.4069,-0.3968,-0.3939,-0.3926,-0.3896,-0.3877,-0.3863,-0.3828,-0.3811,-0.3783,-0.3578,-0.3557,-0.3540,-0.3353,-0.3338,-0.3322,-0.3227,-0.3145,-0.3075,-0.2761,-0.2683,-0.2603,-0.2487,-0.2427,-0.2366,-0.2308,-0.2265,-0.2166,-0.2151,-0.2083,-0.2072,-0.2061,-0.2000,-0.1902,-0.1674,-0.1587,-0.1563,-0.1501,-0.1486,-0.1477,-0.1331,-0.1305,-0.1296,-0.1291,-0.1252,-0.1245,-0.1243,-0.1239,-0.1236,-0.1206,-0.1130,-0.1118,-0.1062,-0.1020,-0.0943,-0.0886,-0.0885,-0.0782,-0.0778,-0.0752,-0.0694,-0.0659,-0.0588,-0.0526,-0.0338,-0.0323,-0.0319,-0.0315,-0.0286,-0.0251,0.0931,1.9041
