Chain ID,Residue name,Residue sequence,Conf 1,Conf 2,Conf 3,Conf 4,Conf 5,Conf 6,Conf 7,Conf 8,Conf 9,Conf 10,Conf 11,Conf 12,Conf 13,Conf 14,Conf 15,Conf 16,Conf 17,Conf 18,Conf 19,Conf 20,Conf 21,Conf 22,Conf 23,Conf 24,Conf 25,Conf 26,Conf 27,Conf 28,Conf 29,Conf 30,Conf 31,Conf 32,Conf 33,Conf 34,Conf 35,Conf 36,Conf 37,Conf 38,Conf 39,Conf 40,Conf 41,Conf 42,Conf 43,Conf 44,Conf 45,Conf 46,Conf 47,Conf 48,Conf 49,Conf 50,Conf 51,Conf 52,Conf 53,Conf 54,Conf 55,Conf 56,Conf 57,Conf 58,Conf 59,Conf 60,Conf 61,Conf 62,Conf 63,Conf 64,Conf 65,Conf 66,Conf 67,Conf 68,Conf 69,Conf 70,Conf 71,Conf 72,Conf 73,Conf 74,Conf 75,Conf 76,Conf 77,Conf 78,Conf 79,Conf 80,Conf 81,Conf 82,Conf 83,Conf 84,Conf 85,Conf 86,Conf 87,Conf 88,Conf 89,Conf 90,Conf 91,Conf 92,Conf 93,Conf 94,Conf 95,Conf 96,Conf 97,Conf 98,Conf 99,Conf 100,Conf 101,Conf 102,Conf 103,Conf 104,Conf 105,Conf 106,Conf 107,Conf 108,Conf 109,Conf 110,Conf 111,Conf 112,Conf 113,Conf 114,Conf 115,Conf 116
A,VAL,20,,,,,,,,,,,,,,,,,,,,,,,,,,,,,,,,,,,,,,,,,,,,,,,,,,,,,,,,,,,,,,,,,,,,,,,,,,,,,,,,,,,,,,,,,,,,,,,,,,,,,,,,,,,,,,,,,,,,
A,THR,21,,,,,,,,,,,,,,,,,,,,,,,,,,,,,,,,,,,,,,,,,,,,,,,,,,,,,,,,,,,,,,,,,,,,,,,,,,,,,,,,,,,,,,,,,,,,,,,,,,,,,,,,,,,,,,,,,,,,
A,CYS,22,,,,,,,,,,,,,,,,,,,,,,,,,,,,,,,,,,,,,,,,,,,,,,,,,,,,,,,,,,,,,,,,,,,,,,,,,,,,,,,,,,,,,,,,,,,,,,,,,,,,,,,,,,,,,,,,,,,,
A,THR,24,,,,,,,,,,,,,,,,,,,,,,,,,,,,,,,,,,,,,,,,,,,,,,,,,,,,,,,,,,,,,,,,,,,,,,,,,,,,,,,,,,,,,,,,,,,,,,,,,,,,,,,,,,,,,,,,,,,,
A,THR,25,,-0.1193,,-0.0989,,,-0.0458,,,,,,-0.1281,-0.0450,,,-0.1359,,,,-0.0505,,,,,,,,,,-0.0430,,,,,,,,,,,,,,,,,,,,,,-0.1285,,,,,,,,,,,,,,,,,,,-0.0356,-0.0180,,,,,,,,,,,,,,,,,-0.0318,,,-0.0118,-0.0412,,,,,-0.0351,,,,-0.0351,-0.0166,,,-0.1888,,-0.0664,,,,,-0.0700,-0.1930,
A,THR,26,,-0.0065,,,,,,,,,,,-0.0222,,,,-0.0311,,,,,,,,,,,,,,,,,,,,,,,,,,,,,,,,,,,,-0.1244,,,,,,,,,,,,,,,,,,,,,,,,,,,,,,,,,,,,,,,,,,,,,,,,,,,,,,-0.0123,,,,,,,,,
A,LEU,27,,-0.2988,,-0.1884,,,-0.1094,,,,,,-0.0900,-0.0172,,-0.0403,-0.0890,,,,-0.0875,,,,,,,,,,-0.0090,,,,,,,,-0.0085,,,,,,,,,,,,,,-0.1196,,,,,,,,,,,,,,,,,,,-0.0130,-0.1082,,,,,,,,,,,,-0.0066,,,,,-0.0782,,,-0.0031,,,,,,-0.0653,,,,,,,-0.0086,-0.5735,,-0.0392,-0.0164,,,,-0.0162,-0.1977,-0.0004
A,ASN,28,,,,,,,,,,,,,,,,,,,,,,,,,,,,,,,,,,,,,,,,,,,,,,,,,,,,,,,,,,,,,,,,,,,,,,,,,,,,,,,,,,,,,,,,,,,,,,,,,,,,,,,,,,,,,,,,,,,,
A,CYS,38,,,,,,,,,,,,,,,,,,,,,,,,,,,,,,,,,,,,,,,,,,,,,,,,,,,,,,,,,,,,,,,,,,,,,,,,,,,,,,,,,,,,,,,,,,,,,,,,,,,,,,,,,,,,,,,,,,,,
A,PRO,39,,,,,,,,,,,,,,,,,,,,,,,,,,,,,,,,,,,,,,,,,,,,,,,,,,,,,,,,,,,,,,,,,,,,,,,,,,,,,,,,,,,,,,,,,,,,,,,,,,,,,,,,,,,,,,,,,,,-0.0563,
A,ARG,40,,,,,,,,,,,,,,,,,,,,,,,,,,,,,,,,,,,,,,,,,,,,,,,,,,,,,,,,,,,,,,,,,,,,,,,,,,,,,,,,,,,,,,,,,,,,,,,,,,,,,,,,,,,,,,,,,,,,
A,HIS,41,,,,,,,,,,,,,-0.0120,,-0.0047,,-0.0126,,,,,,,,,,,,,,,,,,,,,,,,,,,,,,,,,,,,,,,,,,,,,,-0.2026,,,,,,,,,,,,,-0.0125,,,,,,,,,-0.0351,,,,,,,,-0.0431,-0.0351,,,,,,,,,-0.2821,,,,-0.0391,-0.0283,-0.2534,-0.0864,,,,,-0.0975,
A,VAL,42,,,,,,,,,,,,,,,,,,,,,,,,,,,,,,,,,,,,,,,,,,,,,,,,,,,,,,,,,,,,,,,,,,,,,,,,,,,,,,,,,,,,,,,,,,,,,,,,,,,,,,,,,,,-0.0300,,,,,,,,,
A,ILE,43,,,,,,,,,,,,,,,,,,,,,,,,,,,,,,,,,,,,,,,,,,,,,,,,,,,,,,,,,,,,,,,,,,,,,,,,,,,,,,,,,,,,,,,,,,,,,,,,,,,,,,,,,,,,,,,,,,,,
A,CYS,44,,,,,,,,,,,,,,,,,,,,,,,,,,,,,,,,,,,,,,,,,,,,,,,,,,,,,,,,,,,,,,,,,,,,,,,,,,,,,,,,,,,,,,,,,,,,,,,,,,,,,,,,,,,,,,,,,,,,
A,THR,45,,,,,,,,,,,,,,,,,,,,,,,,,,,,,,,,,,,,,,,,,,,,,,,,,,,,,,,,,,,,,,,,,,,,,,,,,,,,,,,,,,,,,,,,,,,,,,,,,,,,,,,,,,,,,,,,,,,,
A,SER,46,,,,,,,,,,,,,,,,,,,,,,,,,,,,,,,,,,,,,,,,,,,,,,,,,,,,,,,,,,,,,,,,,,,,,,,,,,,,,,,,,,,,,,,,,,,,,,,,,,,,,,,,,,,,,,,,,,,,
A,GLU,47,,,,,,,,,,,,,,,,,,,,,,,,,,,,,,,,,,,,,,,,,,,,,,,,,,,,,,,,,,,,,,,,,,,,,,,,,,,,,,,,,,,,,,,,,,,,,,,,,,,,,,,,,,,,,,,,,,,,
A,ASP,48,,,,,,,,,,,,,,,,,,,,,,,,,,,,,,,,,,,,,,,,,,,,,,,,,,,,,,,,,,,,,,,,,,,,,,,,,,,,,,,,,,,,,,,,,,,,,,,,,,,,,,,,,,,,,,,,,,,,
A,MET,49,,,,,,,,,,,,,,,,,,,,,,,,,,,,,,,,,,,,,,,,,,,,,,,,,,,,,,,,,,,,,,,,,,,,,,,,,,,,,,,,,,,,,-0.0477,,,,,,,,-0.0241,,-0.0085,,,,,,-0.0175,,-0.0318,-0.0471,,-0.0456,-0.0129,-0.0350,-0.1243,-0.0691,-0.1029,,,-0.1027,-0.0326,-0.1564
A,LEU,50,,,,,,,,,,,,,,,,,,,,,,,,,,,,,,,,,,,,,,,,,,,,,,,,,,,,,,,,,,,,,,,,,,,,,,,,,,,,,,,,,,,,,,,,,,,,,,,,,,,,,,,,,,,,,,,,,,,,
A,ASN,51,,,,,,,,,,,,,,,,,,,,,,,,,,,,,,,,,,,,,,,,,,,,,,,,,,,,,,,,,,,,,,,,,,,,,,,,,,,,,,,,,,,,,,,,,,,,,,,,,,,,,,,,,,,,,,,,,,,,
A,PRO,52,,,,,,,,,,,,,,,,,,,,,,,,,,,,,,,,,,,,,,,,,,,,,,,,,,,,,,,,,,,,,,,,,,,,,,,,,,,,,,,,,,,,,,,,,,,,,,,,,,,,,,,,,,,,,,,,,,,,
A,TYR,54,,,,,,,,,,,,,,,,,,,,,,,,,,,,,,,,,,,,,,,,,,,,,,,,,,,,,,,,,,,,,,,,,,,,,,,,,,,,,,,,,,,,,,,,,,,,,,,,,,,,,,,,,,,,,,,,,,,,
A,CYS,85,,,,,,,,,,,,,,,,,,,,,,,,,,,,,,,,,,,,,,,,,,,,,,,,,,,,,,,,,,,,,,,,,,,,,,,,,,,,,,,,,,,,,,,,,,,,,,,,,,,,,,,,,,,,,,,,,,,,
A,CYS,117,,,,,,,,,,,,,,,,,,,,,,,,,,,,,,,,,,,,,,,,,,,,,,,,,,,,,,,,,,,,,,,,,,,,,,,,,,,,,,,,,,,,,,,,,,,,,,,,,,,,,,,,,,,,,,,,,,,,
A,TYR,118,,,,,,,,,,,,,,,,,,,,,,,,,,,,,,,,,,,,,,,,,,,,,,,,,,,,,,,,,,,,,,,,,,,,,,,,,,,,,,,,,,,,,,,,,,,,,,,,,,,,,,,,,,,,,,,,,,,,
A,ASN,119,,,,,,,,,,,,,,,,,,,,,,,,,,,,,,,,,,,,,,,,,,,,,,,,,,,,,,,,,,,,,,,,,,,,,,,,,,,,,,,,,,,,,,,,,,,,,,,,,,,,,,,,,,,,,,,,,,,,
A,ILE,136,,,,,,,,,,,,,,,,,,,,,,,,,,,,,,,,,,,,,,,,,,,,,,,,,,,,,,,,,,,,,,,,,,,,,,,,,,,,,,,,,,,,,,,,,,,,,,,,,,,,,,,,,,,,,,,,,,,,
A,GLY,138,,,,,,,,,,,,,,,,,,,,,,,,,,,,,,,,,,,,,,,,,,,,,,,,,,,,,,,,,,,,,,,,,,,,,,,,,,,,,,,,,,,,,,,,,,,,,,,,,,,,,,,,,,,,,,,,,,,,
A,SER,139,,,,,,,,,,,,,,,,,,,,,,,,,,,,,,,,,,,,,,,,,,,,,,,,,,,,,,,,,,,,,,,,,,,,,,,,,,,,,,,,,,,,,,,,,,,,,,,,,,,,,,,,,,,,,,,,,,,,
A,PHE,140,,-0.0182,,-0.0129,,,-0.0117,,-0.0345,-0.0605,,,,-0.0163,,,,,,,-0.0216,,,,-0.0243,,-0.0140,,-0.0488,-0.0174,-0.0202,,,,,,,-0.0291,-0.0601,,,,,,,,,,-0.0091,,,,,,,,,,,,,,,,,,,,,,,,,,,-0.0583,,,,,,,,,,,,,,,,,,,-0.0223,,,,,-0.0489,,,-0.0139,,-0.0085,-0.0003,,,,-0.0384,,,,,,
A,LEU,141,,,,,,,,,,,,,,,,,,-0.0033,,,,,,,,,,,,,,,,,,,,,,,,,,,,,,,-0.0140,,,,,,,,,,,,,,,,,,,,,,,,,,,-0.0016,,,,,,,,,,,,,,,,,,,,,,,,,,,,,,,,,,,,,,,,
A,ASN,142,-0.1058,-0.0787,-0.0097,-0.1168,-0.0320,,-0.1109,,-0.0046,-0.0848,,,-0.0863,-0.1253,-0.0874,-0.1211,-0.1527,-0.0492,-0.0407,-0.0121,-0.1434,,,,,-0.1665,-0.1209,-0.0068,-0.0385,-0.0893,-0.1523,,-0.0279,,,-0.0528,-0.0459,,-0.1387,,,-0.0304,,-0.0201,,,-0.0704,,-0.0320,,,,-0.0994,-0.0090,-0.1184,,,-0.0892,-0.0107,-0.1457,-0.1402,,,,-0.0001,,,,,,,-0.0975,-0.1856,-0.0106,,-0.1627,,,-0.3809,-0.0336,,,,,-0.0804,,-0.1842,-0.0049,,-0.1897,,,-0.0569,-0.1503,-0.0493,,,,-0.0897,-0.0363,-0.1039,-0.1211,-0.1022,-0.0519,-0.0611,-0.1457,-0.0351,-0.0563,,-0.0617,,,-0.3939,-0.0028,-0.0403,-0.1379
A,GLY,143,,,,,,,,,,,,,,,-0.2713,,,,-0.4256,,,,,,,,,,,,,,,,,,,,,,,,,,,,,,,,,,,,,,,,,,,,,,,,,,,,,,,,,,,,,,,,,,-0.4852,,,,,,,,,,,,,,-0.0414,-0.4750,,,,,-0.0508,-0.0746,-0.5874,-0.5874,,,,,-0.1743,,,-0.2578
A,SER,144,,,,,,,,,-0.1656,,,,,,,,,,,,,,,,,,,,,-0.4977,,,,,,,,,,,,,,,,,,,,,,,,,,,,,,,,,,,,,,,,,,,,,,,,,,,,,,,,,,,,,,,,,,,,,,-0.6633,,,,,,,-0.4527,,,,,,,,-0.1942,
A,CYS,145,,,,,,,,,,,,,,,,,,,,,,,,,,,,,,-0.0288,,,,,,,,,,,,,,,,,,,,,,,,,,,,,,,,,,,,,,,,,,,,,,,,,,,,,,,,,,,,,,,,,,,,,,-0.5853,,,,,,-0.4147,-0.2029,,,,,,,,,
A,GLY,146,,,,,,,,,,,,,,,,,,,,,,,,,,,,,,,,,,,,,,,,,,,,,,,,,,,,,,,,,,,,,,,,,,,,,,,,,,,,,,,,,,,,,,,,,,,,,,,,,,,,,,,,,,,,,,,,,,,,
A,SER,147,,,,,,,,,,,,,,,,,,,,,,,,,,,,,,,,,,,,,,,,,,,,,,,,,,,,,,,,,,,,,,,,,,,,,,,,,,,,,,,,,,,,,,,,,,,,,,,,,,,,,,,,,,,,,,,,,,,,
A,TYR,161,,,,,,,,,,,,,,,,,,,,,,,,,,,,,,,,,,,,,,,,,,,,,,,,,,,,,,,,,,,,,,,,,,,,,,,,,,,,,,,,,,,,,,,,,,,,,,,,,,,,,,,,,,,,,,,,,,,,
A,MET,162,,,,,,,,,,,,,,,,,,,,,,,,,,,,,,,,,,,,,,,,,,,,,,,,,,,,,,,,,,,,,,,,,,,,,,,,,,,,,,,,,,,,,,,,,,,,,,,,,,,,,,,,,,,,,,,,,,,,
A,HIS,163,,,,,,,-0.1850,,-0.1592,,,,,,,,,,,,,,,,,,,,,,,,,,,,,,-0.3976,,,,,,,,,,,,,,,,,,,,,,,,,,,,,,,,,,,,,,,,,,,,,,,,,,,,,,,,,,,,,,,,,,,,,,,,,,,,,
A,HIS,164,,,,,,,,,,,,,,,,,,,,,,,,,,,,,,,,,,,,,,,,,,,,,,,,,,,,,,,,,,,,,,,,,,,,,,,,,,,,,,,,,,,,,-0.0314,,,,,,,,,,,,,,,,,,,,,,,,,-0.0164,,,,,-0.0005,
A,MET,165,-0.2376,-0.0968,-0.2418,-0.1033,-0.2149,-0.1671,-0.1386,-0.1605,-0.1839,-0.0100,-0.1554,-0.1697,-0.0493,-0.0656,-0.0797,-0.0632,-0.0119,-0.0426,-0.2318,-0.1635,-0.0446,-0.0351,-0.1606,-0.0598,-0.0284,-0.1732,,-0.1865,-0.0688,-0.0183,-0.0333,-0.0882,-0.1932,-0.0351,-0.0177,-0.0827,-0.0175,-0.0283,-0.0307,,-0.1538,-0.0957,-0.0012,-0.0943,-0.0309,-0.0351,-0.0862,-0.0365,-0.1106,-0.0572,,-0.0448,,-0.0701,-0.0316,-0.0150,-0.0534,-0.0329,-0.0129,-0.0351,-0.0368,,-0.1539,,-0.0313,-0.0062,,,,-0.0158,,-0.0081,-0.0454,-0.1406,,-0.1036,-0.0532,,,-0.0378,,,-0.0062,,-0.3052,-0.0107,,,,-0.0287,,,-0.1099,-0.1025,-0.2263,,-0.0678,-0.2402,-0.2214,-0.2409,-0.2358,-0.1043,-0.0213,,-0.2448,,,-0.2957,-0.2744,-0.1419,-0.0591,,,-0.0163,,-0.1551
A,GLU,166,-0.1872,-0.3983,-0.1331,-0.0823,-0.2210,-0.1553,-0.2126,-0.1905,-0.3870,-0.3493,-0.1616,-0.3437,-0.3486,-0.4203,-0.2940,-0.2259,-0.5482,-0.3687,-0.0523,-0.3871,-0.3088,-0.4000,-0.2974,-0.0811,-0.3348,-0.1090,-0.3512,-0.1918,-0.6029,-0.2907,-0.0684,-0.1194,-0.3340,-0.2660,-0.3915,-0.1573,-0.1234,-0.3637,-0.2467,-0.2939,-0.3544,-0.1973,-0.2515,-0.1448,-0.1200,-0.1971,-0.2273,-0.1860,-0.3598,-0.0991,-0.3587,-0.1900,,-0.2093,-0.1730,,-0.1161,-0.1144,-0.2588,-0.1972,-0.0535,-0.0499,-0.0924,-0.0338,-0.3124,-0.2265,-0.1020,-0.1573,-0.0857,-0.1822,-0.0620,-0.0351,-0.0414,-0.1639,-0.0056,-0.2724,-0.0444,-0.0866,-0.1051,-0.3980,-0.1399,-0.0847,-0.0259,-0.0994,,-0.3958,-0.2172,-0.1905,-0.0077,-0.0851,-0.0746,-0.0837,-0.0701,-0.1262,-0.2230,-0.1720,-0.2991,-0.1698,-0.2634,-0.3283,-0.1082,-0.1639,-0.1725,,-0.0951,-0.0133,,-0.1080,,-0.0496,-0.0674,-0.3779,,-0.0086,,
A,LEU,167,,,,,,-0.0174,,,,,-0.0050,,,,,,,,,,,,,-0.0007,,,,-0.0099,,,,,,-0.0194,,,,,,,,,,,,,,,,,,-0.0171,,,,,,,,,,,,,,-0.0087,,-0.0087,,,,,,,,,,,,,,,,,,,,,,,-0.0072,,,,,,-0.0087,-0.0976,,,,,,,,,,,,,,-0.0145,,,,
A,PRO,168,,,,,,-0.2469,,-0.2834,,,-0.3156,-0.2088,,,,,,,,-0.0276,,-0.0620,,-0.3183,,,,-0.0040,,,,-0.0377,,-0.2685,-0.0294,,,,,-0.4662,-0.0808,,-0.0741,-0.0676,-0.1463,-0.0759,,-0.1085,,,-0.3496,-0.0609,,,,-0.1007,-0.0832,,-0.0192,,-0.0950,-0.5064,,-0.1919,-0.1334,-0.2740,-0.0743,-0.0987,-0.2931,-0.1888,-0.1910,,,,-0.1635,,-0.1994,-0.1418,-0.2440,-0.0721,-0.0778,-0.1094,-0.2955,-0.0758,,-0.0184,-0.0441,-0.0629,-0.0688,,-0.0907,,,,,-0.1778,-0.0896,-0.2936,,,,,,,,,,,,,,,,,,
A,THR,169,,,,,,,,,,,,,,,,,,,,,,,,,,,,,,,,,,,,,,,,,,,,,,,,,,,,,,,,,,,,,,,,,,,,,,,,,,,,,,,,,,,,,,,,,,,,,,,,,,,,,,,,,,,,,,,,,,,,
A,GLY,170,,,,,,,,,,,,,,,,,,,,,,,,,,,,,,,,,,,,,,,,,,,,,,,,,,,,,,,,,,,,,,,,,,,,,,,,,,,,,,,,,,,,,,,,,,,,,,,,,,,,,,,,,,,,,,,,-0.5874,,,,
A,VAL,171,,,,,,,,,,,,,,,,,,,,,,,,,,,,,,,,,,,,,,,,,,,,,,,,,,,,,,,,,,,,,,,,,,,,,,,,,,,,,,,,,,,,,,,,,,,,,,,,,,,,,,,,,,,,,,,,,,,,
A,HIS,172,,,,,,,,,,,,,,,,,,,,,,,,,,,,,,,,,,,,,,,-0.2425,,,,,,,,,,,,,,,,,,,,,,,,,,,,,,,,,,,,,,,,,,,,,,,,,,,,,,,,,,,,,,,,,,,,,,,,,,,,,
A,ALA,173,,,,,,,,,,,,,,,,,,,,,,,,,,,,,,,,,,,,,,,,,,,,,,,,,,,,,,,,,,,,,,,,,,,,,,,,,,,,,,,,,,,,,,,,,,,,,,,,,,,,,,,,,,,,,,,,,,,,
A,PHE,181,,,,,,,,,,,,,,,,,,,,,,,,,,,,,,,,,,,,,,,,,,,,,,,,,,,,,,,,,,,,,,,,,,,,,,,,,,,,,,,,,,,,,,,,,,,,,,,,,,,,,,,,,,,,,,,,,,,,
A,PHE,185,,,,,,,,,,,,,,,,,,,,,,,,,,,,,,,,,,,,,,,,,,,,,,,,,,,,,,,,,,,,,,,,,,,,,,,,,,,,,,,,,,,,,,,,,,,,,,,,,,,,,,,,,,,,,,,,,,,,
A,VAL,186,,,,,,,,,,,,,,,,,,,,,,,,,,,,,,,,,,,,,,,,,,,,,,,,,,,,,,,,,,,,,,,,,,,,,,,,,,,,,,,,,,,,,,,,,,,,,,,,,,,,,,,,,,,,,,,,,,,,
A,ASP,187,,,,,,,,,,,,,,,,,,,,,,,,,,,,,,,,,,,,,,,,,,,,,,,,,,,,,,,,,,,,,,,,,,,,,,,,,,,,,,,,,,,,,-0.0527,,,,,,,,,,,,,,,,,,,,,,,-0.0285,-0.0251,-0.0185,,,,,,
A,ARG,188,,,,,,,,,,,,,,,,,,,,,,,,,,,,,,,,,,,,,,,,,,,,,,,,,,,,,,,,,,,,,,,,,,,,,,,,,,,,,,,,,,,,,,,,,,,,,,,,,,,,,,,,,,,,-0.5549,-0.0193,,,,,,,
A,GLN,189,-0.3937,-0.0277,-0.3481,-0.0456,-0.3811,-0.4181,-0.0116,-0.2811,-0.1482,-0.0418,-0.3780,-0.2028,,-0.0013,-0.0353,-0.0462,,-0.0714,-0.3692,-0.2095,-0.0084,-0.1229,-0.1564,-0.3199,-0.0109,-0.3032,-0.0315,-0.5094,,-0.0077,-0.0274,-0.1801,-0.0495,-0.1977,-0.2411,-0.0447,,,-0.0028,-0.0252,-0.2386,-0.0312,-0.2726,-0.1082,-0.1659,-0.2111,-0.0454,-0.1335,-0.0262,-0.2505,-0.0204,-0.2782,-0.0049,,-0.0013,-0.3321,-0.1817,,-0.0480,-0.0523,-0.2110,,-0.1679,-0.1898,-0.0070,-0.1942,-0.2030,-0.2055,-0.0277,-0.0873,-0.0955,-0.0005,-0.0689,-0.0949,-0.1403,,-0.2170,,,,,,-0.2074,-0.3673,-0.3232,-0.0650,,,-0.0231,-0.0381,-0.4164,-0.1353,-0.2128,-0.0125,-0.2506,,-0.3968,-0.3895,-0.1564,-0.3130,-0.1665,-0.1952,-0.0253,-0.1422,-0.2345,-0.0536,-0.0759,-0.5289,-0.5533,-0.2913,-0.5342,,-0.0668,-0.3944,,-1.0416
A,THR,190,,,,,,,,,,,,,,,,,,,,,,,,,,,,,,,,,,-0.1625,,,,,,,,,,,,,,,,,,,,,,,-0.1194,,,,-0.0381,-0.0112,,,,,,,,,,,,,,,,,,,,,,,,,,,,,,,,,,,,,,,,,,,,,,,,,,,,,,
A,ALA,191,,,,,,-0.0161,,,,,-0.0012,,,,,,,,,,,,,-0.0351,,,,,,,,,,,,,,,,-0.0338,,,,,,,,,,,-0.0291,,,,,,,,,,,,,,,,,,,,,,,,,,,,,,,,,,,,,,,,,,,,,,,-0.0124,,,,,,,,,,,,,,,,,,
A,GLN,192,,,,,,-0.0023,,,,,,,,,,,,,,,,,,,,,,,,,,,,,,,,,,,,,,,,,,,,,,-0.0031,,,,,,,,,,,,,,,,,,,,,,,,,,,,,,,,,,,,,,,,,,,,,,-0.0715,,,,,,,,,,,,,,,,,,
A,ALA,193,,,,,,,,,,,,,,,,,,,,,,,,,,,,,,,,,,,,,,,,,,,,,,,,,,,,,,,,,,,,,,,,,,,,,,,,,,,,,,,,,,,,,,,,,,,,,,,,,,,,,,,,,,,,,,,,,,,,
A,ALA,194,,,,,,,,,,,,,,,,,,,,,,,,,,,,,,,,,,,,,,,,,,,,,,,,,,,,,,,,,,,,,,,,,,,,,,,,,,,,,,,,,,,,,,,,,,,,,,,,,,,,,,,,,,,,,,,,,,,,

Intra-Ligand Free,,,0.7637,0.7190,0.7319,0.7185,0.9128,0.7568,0.7378,0.7184,0.7196,0.7204,0.7185,0.7187,0.8160,0.7680,0.7283,0.7185,0.8415,0.7312,0.8364,1.2533,0.8653,0.7831,0.7187,0.9647,0.7189,0.7569,0.9037,0.7361,0.7210,0.7385,0.7274,0.7583,0.7400,0.8322,0.7457,0.7321,0.7495,0.7188,0.7488,0.7312,0.7186,0.7188,0.9765,0.7369,0.8087,0.7320,0.7186,0.7186,0.7345,0.7187,0.7272,0.7440,0.7326,0.7532,0.7823,0.7235,0.7188,0.7186,0.7352,1.6250,0.7236,0.7410,0.7917,0.7456,1.6881,0.8575,0.8163,0.7328,0.7613,0.7603,0.7199,0.7523,0.7827,1.6547,0.7637,0.7270,1.6772,0.7536,0.7188,1.1400,0.8628,0.7209,0.7307,0.7265,1.6927,1.6585,0.8026,0.8383,1.5645,1.6544,1.2023,1.6797,0.8629,1.7648,0.7414,1.6779,1.6868,1.2594,2.1034,1.9013,0.7689,1.7554,1.6456,1.6715,1.6579,0.7537,2.8447,1.4322,1.6787,1.4908,0.8969,2.8386,0.8988,1.6696,2.8198,2.4309
Inter-Ligand Free,,,-7.3427,-7.2137,-7.1176,-6.9847,-7.1566,-6.8852,-6.6735,-6.5534,-6.4673,-6.4151,-6.3944,-6.3755,-6.4297,-6.3083,-6.2023,-6.1905,-6.3019,-6.0629,-6.1277,-6.5089,-6.0948,-5.9610,-5.8870,-6.1212,-5.8431,-5.8579,-5.9323,-5.7367,-5.6334,-5.5583,-5.5230,-5.5508,-5.5033,-5.5052,-5.4122,-5.3343,-5.2836,-5.2056,-5.1794,-5.1414,-5.0982,-5.0878,-5.3164,-5.0377,-5.0833,-4.9711,-4.9114,-4.8715,-4.8841,-4.8312,-4.7824,-4.7916,-4.7402,-4.7557,-4.7612,-4.6956,-4.6442,-4.6008,-4.5846,-5.4683,-4.5272,-4.5388,-4.5705,-4.5181,-5.2448,-4.2256,-4.1689,-4.0789,-4.0570,-4.0528,-3.9865,-3.9714,-3.9654,-4.5978,-3.6773,-3.6011,-4.5042,-3.5571,-3.4079,-3.7015,-3.3867,-3.2019,-2.9715,-2.8705,-3.7306,-3.6429,-2.2807,-2.3023,-2.9122,-2.9631,-1.7250,-2.1877,-1.2906,-2.0917,-0.7201,-0.8235,-0.4390,1.3526,0.5341,0.7980,3.8667,3.7407,3.8690,7.0179,7.4826,8.5942,14.8975,17.4287,32.2325,34.2336,41.6575,43.5083,48.9836,51.0772,51.9150,60.7125
Total Free Energy,,,-6.5790,-6.4946,-6.3856,-6.2662,-6.2438,-6.1284,-5.9357,-5.8350,-5.7477,-5.6947,-5.6759,-5.6568,-5.6137,-5.5403,-5.4740,-5.4720,-5.4604,-5.3317,-5.2913,-5.2556,-5.2295,-5.1778,-5.1683,-5.1565,-5.1241,-5.1010,-5.0286,-5.0006,-4.9123,-4.8198,-4.7956,-4.7925,-4.7633,-4.6729,-4.6665,-4.6022,-4.5341,-4.4868,-4.4306,-4.4102,-4.3796,-4.3690,-4.3400,-4.3008,-4.2746,-4.2391,-4.1927,-4.1528,-4.1496,-4.1125,-4.0552,-4.0476,-4.0076,-4.0026,-3.9789,-3.9721,-3.9255,-3.8821,-3.8494,-3.8433,-3.8036,-3.7978,-3.7788,-3.7725,-3.5567,-3.3680,-3.3526,-3.3461,-3.2957,-3.2924,-3.2666,-3.2190,-3.1827,-2.9431,-2.9137,-2.8741,-2.8270,-2.8035,-2.6891,-2.5615,-2.5240,-2.4809,-2.2407,-2.1440,-2.0379,-1.9844,-1.4780,-1.4640,-1.3478,-1.3087,-0.5226,-0.5081,-0.4277,-0.3269,0.0213,0.8544,1.2478,2.6121,2.6375,2.6993,4.6356,5.4961,5.5146,8.6894,9.1405,9.3480,17.7422,18.8609,33.9112,35.7244,42.5545,46.3469,49.8823,52.7468,54.7348,63.1433
Normalized Total Free Energy,,,-6.9372,-6.8575,-6.7545,-6.6416,-6.6205,-6.5115,-6.3294,-6.2342,-6.1517,-6.1018,-6.0839,-6.0659,-6.0252,-5.9558,-5.8932,-5.8913,-5.8803,-5.7588,-5.7206,-5.6868,-5.6622,-5.6134,-5.6044,-5.5933,-5.5627,-5.5408,-5.4724,-5.4460,-5.3626,-5.2751,-5.2523,-5.2493,-5.2218,-5.1364,-5.1303,-5.0696,-5.0052,-4.9605,-4.9074,-4.8882,-4.8592,-4.8493,-4.8218,-4.7848,-4.7601,-4.7265,-4.6827,-4.6450,-4.6420,-4.6069,-4.5528,-4.5456,-4.5078,-4.5030,-4.4807,-4.4742,-4.4302,-4.3893,-4.3583,-4.3525,-4.3150,-4.3095,-4.2917,-4.2857,-4.0818,-3.9036,-3.8889,-3.8829,-3.8352,-3.8321,-3.8077,-3.7628,-3.7285,-3.5021,-3.4743,-3.4369,-3.3924,-3.3702,-3.2622,-3.1416,-3.1061,-3.0654,-2.8385,-2.7471,-2.6469,-2.5963,-2.1179,-2.1047,-1.9949,-1.9579,-1.2153,-1.2016,-1.1256,-1.0303,-0.7014,0.0856,0.4574,1.7463,1.7703,1.8287,3.6581,4.4710,4.4885,7.4879,7.9141,8.1101,16.0407,17.0976,31.3167,33.0298,39.4826,43.0655,46.4058,49.1120,50.9902,58.9343
