Chain ID,Residue name,Residue sequence,Conf 1,Conf 2,Conf 3,Conf 4,Conf 5,Conf 6,Conf 7,Conf 8,Conf 9,Conf 10,Conf 11,Conf 12,Conf 13,Conf 14,Conf 15,Conf 16,Conf 17,Conf 18,Conf 19,Conf 20,Conf 21,Conf 22,Conf 23,Conf 24,Conf 25,Conf 26,Conf 27,Conf 28,Conf 29,Conf 30,Conf 31,Conf 32,Conf 33,Conf 34,Conf 35,Conf 36,Conf 37,Conf 38,Conf 39,Conf 40,Conf 41,Conf 42,Conf 43,Conf 44,Conf 45,Conf 46,Conf 47,Conf 48,Conf 49,Conf 50,Conf 51,Conf 52,Conf 53,Conf 54,Conf 55,Conf 56,Conf 57,Conf 58,Conf 59,Conf 60,Conf 61,Conf 62,Conf 63,Conf 64,Conf 65,Conf 66,Conf 67,Conf 68,Conf 69,Conf 70,Conf 71,Conf 72,Conf 73,Conf 74,Conf 75,Conf 76,Conf 77,Conf 78,Conf 79,Conf 80,Conf 81,Conf 82,Conf 83,Conf 84,Conf 85,Conf 86,Conf 87,Conf 88,Conf 89,Conf 90,Conf 91,Conf 92,Conf 93,Conf 94,Conf 95,Conf 96,Conf 97,Conf 98,Conf 99,Conf 100,Conf 101,Conf 102,Conf 103,Conf 104
A,GLN,19,,,,,,,,,,,,,,,,,,,,,,,,,,,,,,,,,,,,,,,,,,,,,,,,,,,,,,,,,,,,,,,,,,,,,,,,,,,,,,,,,,,,,,,,,,,,,,,,,,,,,,,,
A,VAL,20,,,,,,,,,,,,,,,,,,,,,,,,,,,,,,,,,,,,,,,,,,,,,,,,,,,,,,,,,,,,,,,,,,,,,,,,,,,,,,,,,,,,,,,,,,,,,,,,,,,,,,,,
A,THR,21,,,,,,,,,,,,,,,,,,,,,,,,,,,,,,,,,,,,,,,,,,,,,,,,,,,,,,,,,,,,,,,,,,,,,,,,,,,,,,,,,,,,,,,,,,,,,,,,,,,,,,,,
A,CYS,22,,,,,,,,,,,,,,,,,,,,,,,,,,,,,,,,,,,,,,,,,,,,,,,,,,,,,,,,,,,,,,,,,,,,,,,,,,,,,,,,,,,,,,,,,,,,,,,,,,,,,,,,
A,GLY,23,,,,,,,,,,,,,,,,,,,,,,,,,,,,,,,,,,,,,,,,,,,,,,,,,,,,,,,,,,,,,,,,,,,,,,,,,,,,,,,,,,,,,,,,,,,,,,,,,,,,,,,,
A,THR,24,,,,,,,,,,,,,,,,,,,,,,,,,,,,,,,,,,,,,,,,,,,,,,,,,,,,,,,,,,,,,,,,,,,,,,,,,,,,,,,,,,,,,,,,,,,,,,,,,,,,,,,,
A,THR,25,-0.0662,-0.0649,-0.0269,-0.0722,-0.0701,-0.0701,-0.0351,-0.0637,-0.0345,-0.0701,-0.0804,-0.0351,-0.0167,-0.0351,-0.0711,,-0.0294,-0.0664,,-0.0278,-0.0268,,,-0.0632,-0.0351,-0.0525,,-0.0212,-0.0597,-0.0184,-0.0351,-0.0488,-0.0246,-0.0351,-0.0351,-0.1137,-0.1052,-0.0351,,-0.0297,-0.0989,-0.0254,-0.0405,,-0.1052,-0.0770,-0.0048,-0.0414,-0.0051,,,-0.0154,,,-0.0144,,-0.0388,-0.0727,-0.1052,-0.0351,-0.1016,-0.0351,-0.0780,-0.0351,-0.0502,-0.0570,,-0.0405,-0.1052,-0.0370,,,,,,-0.0170,,-0.0223,,,,-0.0701,,,-0.0701,,-0.0351,,,,-0.0983,,-0.0020,-0.0351,-0.0762,,,-0.0072,-0.0232,,,,-0.0351,
A,THR,26,-0.0076,-0.0039,,-0.0063,,,,,,,,,,,,,,,-0.0093,,-0.0579,,,,,,,,,,,,,,,,,,,,,-0.0248,,,,,,,,,-0.0369,-0.0510,,,,,,,,,,,-0.0029,,,,,,-0.0149,-0.0573,,,,,,,,,-0.0757,,,,,,,,,,-0.0351,,,,,,,,,-0.0014,,,,,,
A,LEU,27,-0.0284,-0.0048,-0.1247,-0.0146,-0.0960,-0.0959,,-0.0960,,-0.2596,-0.1122,,-0.2443,-0.2499,-0.2123,-0.0532,,-0.1950,-0.1009,,-0.0277,-0.0301,,-0.0767,,-0.0096,-0.0726,,-0.0669,-0.1251,,,-0.2259,-0.0307,-0.2418,-0.0464,,-0.0967,-0.0967,-0.2586,,,-0.0187,-0.0020,,-0.0496,-0.0212,-0.2190,-0.1918,,-0.0023,-0.0028,,-0.0385,-0.0925,,-0.2057,-0.1805,,-0.2008,-0.1947,-0.1042,-0.1147,,-0.0032,-0.1625,,-0.1937,-0.1052,-0.0413,,,,-0.0061,,-0.0590,,-0.2816,,,-0.0036,,,,,,-0.1030,,-0.0259,-0.0493,-0.2049,-0.0376,-0.0247,-0.0221,-0.0385,,-0.2224,,-0.1479,,-0.0672,,,
A,ASN,28,,,,,,,,,,,,,,,,,,,,,,,,,,,,,,,,,,,,,,,,,,,,,,,,,,,,,,,,,,,,,,,,,,,,,,,,,,,,,,,,,,,,,,,,,,,,,,,,,,,,,,,,
A,CYS,38,,,,,,,,,,,,,,,,,,,,,,,,,,,,,,,,,,,,,,,,,,,,,,,,,,,,,,,,,,,,,,,,,,,,,,,,,,,,,,,,,,,,,,,,,,,,,,,,,,,,,,,,
A,PRO,39,,,,,,,,,,,,,,,,,,,,,,,,,,,,,,,,,,,,,,,,,,,,,,,,,,,,,,,,,,,,,,,,,,,,,,,,,,,,,,,,,,,,,,,,,,,,,,,,,,,,,,,,
A,ARG,40,,,,,,,,,,,,,,,,,,,,,,,,,,,,,,,,,,,,,,,,,,,,,,,,,,,,,,,,,,,,,,,,,,,,,,,,,,,,,,,,,,,,,,,,,,,,,,,,,,,,,,,,
A,HIS,41,,,,,,,,,,,,,,,,,,,,,-0.0024,,-0.0396,,,,,,,,,,-0.0065,,,,,,,,,-0.0028,,,,-0.0050,,,,-0.0730,,,,,,,,,,,,-0.0026,,,,,,,,,,,,,,,,,,,,,-0.0009,,,,,-0.0062,,,-0.0235,,,-0.0351,-0.0064,,,,,,,-0.0512,,-0.1052
A,VAL,42,,,,,,,,,,,,,,,,,,,,,,,,,,,,,,,,,,,,,,,,,,,,,,,,,,,,,,,,,,,,,,,,,,,,,,,,,,,,,,,,,,,,,,,,,,,-0.0168,,,,,,,,,,,,,
A,ILE,43,,,,,,,,,,,,,,,,,,,,,,,,,,,,,,,,,,,,,,,,,,,,,,,,,,,,,,,,,,,,,,,,,,,,,,,,,,,,,,,,,,,,,,,,,,,,,,,,,,,,,,,,
A,CYS,44,,,,,,,,,,,,,,,,,,,,,,,,,,,,,,,,,,,,,,,,,,,,,,,,,,,,,,,,,,,,,,,,,,,,,,,,,,,,,,,,,,,,,,,,,,,,,,,,,,,,,,,,
A,THR,45,,,,,,,,,,,,,,,,,,,,,,,,,,,,,,,,,,,,,,,,,,,,,,,,,,,,,,,,,,,,,,,,,,,,,,,,,,,,,,,,,,,,,,,,,,,,,,,,,,,,,,,,
A,SER,46,,,,,,,,,,,,,,,,,,,,,,,,,,,,,,,,,,,,,,,,,,,,,,,,,,,,,,,,,,,,,,,,,,,,,,,,,,,,,,,,,,,,,,,,,,,,,,,,,,,,,,,,
A,GLU,47,,,,,,,,,,,,,,,,,,,,,,,,,,,,,,,,,,,,,,,,,,,,,,,,,,,,,,,,,,,,,,,,,,,,,,,,,,,,,,,,,,,,,,,,,,,,,,,,,,,,,,,,
A,ASP,48,,,,,,,,,,,,,,,,,,,,,,,,,,,,,,,,,,,,,,,,,,,,,,,,,,,,,,,,,,,,,,,,,,,,,,,,,,,,,,,,,,,,,,,,,,,,,,,,,,,,,,,,
A,MET,49,,,,,,,,,,,,,,,,,,,,,,,-0.0440,,,,,,,,,,,,,,,,,,,,,,,,,,,-0.0565,,,,,,,,,,,,,,,,,,,,,,,,,,,,,,-0.0004,,,-0.0351,,,,,,,,,,,,,,,,,,,,-0.0394,-0.2275
A,LEU,50,,,,,,,,,,,,,,,,,,,,,,,,,,,,,,,,,,,,,,,,,,,,,,,,,,,,,,,,,,,,,,,,,,,,,,,,,,,,,,,,,,,,,,,,,,,,,,,,,,,,,,,,
A,ASN,51,,,,,,,,,,,,,,,,,,,,,,,,,,,,,,,,,,,,,,,,,,,,,,,,,,,,,,,,,,,,,,,,,,,,,,,,,,,,,,,,,,,,,,,,,,,,,,,,,,,,,,,,
A,PRO,52,,,,,,,,,,,,,,,,,,,,,,,,,,,,,,,,,,,,,,,,,,,,,,,,,,,,,,,,,,,,,,,,,,,,,,,,,,,,,,,,,,,,,,,,,,,,,,,,,,,,,,,,
A,TYR,54,,,,,,,,,,,,,,,,,,,,,,,,,,,,,,,,,,,,,,,,,,,,,,,,,,-0.0071,,,,,,,,,,,,,,,,,,,,,,,,,,,,,,,,,,,,,,,,,,,,,,,,,,,,,,-0.0057
A,LEU,57,,,,,,,,,,,,,,,,,,,,,,,,,,,,,,,,,,,,,,,,,,,,,,,,,,,,,,,,,,,,,,,,,,,,,,,,,,,,,,,,,,,,,,,,,,,,,,,,,,,,,,,,
A,CYS,85,,,,,,,,,,,,,,,,,,,,,,,,,,,,,,,,,,,,,,,,,,,,,,,,,,,,,,,,,,,,,,,,,,,,,,,,,,,,,,,,,,,,,,,,,,,,,,,,,,,,,,,,
A,CYS,117,,,,,,,,,,,,,,,,,,,,,,,,,,,,,,,,,,,,,,,,,,,,,,,,,,,,,,,,,,,,,,,,,,,,,,,,,,,,,,,,,,,,,,,,,,,,,,,,,,,,,,,,
A,TYR,118,,,,,,,,,,,,,,,,,,,,,,,,,,,,,,,,,,,,,,,,,,,,,,,,,,,,,,,,,,,,,,,,,,,,,,,,,,,,,,,,,,,,,,,,,,,,,,,,,,,,,,,,
A,ASN,119,,,,,,,,,,,,,,,,,,,,,,,,,,,,,,,,,,,,,,,,,,,,,,,,,,,,,,,,,,,,,,,,,,,,,,,,,,,,,,,,,,,,,,,,,,,,,,,,,,,,,,,,
A,SER,139,,,,,,,,,,,,,,,,,,,,,,,,,,,,,,,,,,,,,,,,,,,,,,,,,,,,,,,,,,,,,,,,,,,,,,,,,,,,,,,,,,,,,,,,,,,,,,,,,,,,,,,,
A,PHE,140,,-0.0176,,-0.0257,,,,,,-0.0032,,,,,-0.0853,,,-0.0183,,,,,,,,-0.0269,,,-0.0014,,,-0.0124,,,,-0.0024,,,,,,,,,,-0.0494,,,,-0.0158,-0.0157,,,,,,,-0.1333,,,,,,,-0.0572,,,,,,,,,,,,,,,,,,,,,,,,-0.1161,,,,,,,,,,,,,,,
A,LEU,141,,,,,,,,,,,,,,,,,,,,,,,,,,,,,,,,,,,,,,,,,,,,,,,,,,,,,,,,,,,,,,,,,,,,,,,,,,,,,,,,,,,,,,,-0.0102,,,,,,,,,,,,,,,,,
A,ASN,142,-0.0497,-0.0913,-0.1010,-0.1006,-0.0268,-0.0284,-0.0364,-0.0246,-0.0298,-0.0923,-0.1460,-0.0128,-0.0040,-0.0100,-0.0728,-0.0351,-0.0351,-0.0969,-0.0636,-0.0351,-0.0351,,,,-0.0163,-0.0605,-0.0351,-0.0653,-0.0325,-0.1176,-0.0656,-0.0681,,,-0.0125,-0.0244,-0.0813,-0.0644,-0.0144,-0.0035,-0.0573,-0.0424,-0.0548,-0.0044,-0.0823,-0.0394,-0.0327,-0.1026,-0.0229,,-0.1577,-0.0737,-0.0222,-0.0258,,-0.0351,-0.0049,-0.1061,-0.0816,-0.0701,-0.0403,-0.0022,-0.0594,-0.0730,-0.1108,-0.0405,-0.0180,-0.0695,-0.0469,-0.0119,-0.0156,-0.0519,-0.0161,-0.0310,-0.0351,-0.0351,-0.0497,-0.0839,-0.1392,,,,,-0.0351,,-0.0517,,-0.0324,-0.1307,-0.0351,-0.1367,-0.0351,-0.0557,-0.1057,-0.1723,-0.0093,-0.1345,-0.0642,-0.0459,,,,-0.0474,
A,GLY,143,,,,,,,,,,,,,,,,,,,,,,,,,,,,,,,,,,,,,,,,,,,,,,,,,,,,,,,,,,,,,,,,,,,,,,,,,,,,,,,,,,,,,,,,,,,,,,,,,,,,,,,,
A,SER,144,,,,,,,,,,,,,,,,,,,,,,,,,,,,,,,,,,,,,,,,,,,,,,,,,,,,,,,,,,,,,,,,,,,,,,,,,,,,,,,,,,,,,,,,,,,,,,,,,,,,,,,,
A,CYS,145,,,,,,,,,,,,,,,,,,,,,,,,,,,,,,,,,,,,,,,,,,,,,,,,,,,,,,,,,,,,,,,,,,,,,,,,,,,,,,,,,,,,,,,,,,,,,,,,,,,,,,,,
A,GLY,146,,,,,,,,,,,,,,,,,,,,,,,,,,,,,,,,,,,,,,,,,,,,,,,,,,,,,,,,,,,,,,,,,,,,,,,,,,,,,,,,,,,,,,,,,,,,,,,,,,,,,,,,
A,SER,147,,,,,,,,,,,,,,,,,,,,,,,,,,,,,,,,,,,,,,,,,,,,,,,,,,,,,,,,,,,,,,,,,,,,,,,,,,,,,,,,,,,,,,,,,,,,,,,,,,,,,,,,
A,TYR,161,,,,,,,,,,,,,,,,,,,,,,,,,,,,,,,,,,,,,,,,,,,,,,,,,,,,,,,,,,,,,,,,,,,,,,,,,,,,,,,,,,,,,,,,,,,,,,,,,,,,,,,,
A,MET,162,,,,,,,,,,,,,,,,,,,,,,,,,,,,,,,,,,,,,,,,,,,,,,,,,,,,,,,,,,,,,,,,,,,,,,,,,,,,,,,,,,,,,,,,,,,,,,,,,,,,,,,,
A,HIS,163,,,,,,,,,,,,,,,,,,,,,,,,,,,,,,,,,,,,,,,,,,,,,,,,,,,,,,,,,,,,,,,,,,,,,,,,,,,,,,,,,,,,,,,,,,,,,,,,,,,,,,,,
A,HIS,164,,,,,,,,,,,,,,,,,,,,,,,,,,,,,,,,,,,,,,,,,,,,,,,,,,,,,,,,,,,,,,,,,,,,,,,,,,,,,,,,,,,-0.0121,,,,,,,,,,,,,,,-0.0497,,,,-0.0269,,
A,MET,165,-0.3156,-0.1131,-0.0218,-0.0402,-0.1356,-0.1238,-0.2369,-0.1265,,-0.0144,-0.0076,,-0.1441,-0.1492,,-0.1693,-0.0023,-0.0038,,-0.1224,-0.0835,-0.1256,-0.2210,-0.0139,,-0.0060,-0.1794,-0.0973,-0.0194,-0.0214,,-0.0014,-0.2637,-0.2442,-0.1254,-0.0031,-0.0454,-0.0403,,-0.1670,,-0.1147,-0.2159,-0.2954,-0.0387,-0.0011,-0.1722,,,-0.2292,-0.0172,-0.0896,,-0.0250,,,,,-0.0242,,,,,-0.0590,,,-0.0144,,,-0.1001,-0.0054,-0.0301,,,-0.0351,-0.1272,-0.0656,,,-0.1017,,,-0.0670,,-0.0523,,,-0.0244,-0.0069,,,,,,,,,-0.2104,-0.0716,-0.0684,-0.0701,-0.1052,-0.0024,
A,GLU,166,-0.0111,-0.0599,-0.2934,-0.1539,-0.0713,-0.0665,-0.0266,-0.0281,-0.2753,-0.2177,-0.1968,-0.2775,-0.1271,-0.0162,-0.2066,-0.0499,-0.3192,-0.2674,-0.2218,-0.0734,-0.1175,,-0.0076,-0.3808,-0.2579,-0.0714,-0.0554,-0.2893,-0.2795,-0.2941,-0.2108,-0.1099,,-0.0082,-0.0572,-0.1097,-0.2276,-0.3260,-0.2360,,-0.0398,-0.0064,-0.0161,,-0.2246,-0.2246,-0.1356,,-0.0652,-0.1802,-0.1268,-0.0461,-0.0292,-0.3527,-0.1523,-0.1128,-0.0481,-0.1848,-0.0870,-0.0209,-0.1308,-0.0634,-0.0032,-0.3152,-0.0224,,-0.0201,,-0.0505,-0.1056,-0.0088,-0.1402,,-0.0434,-0.1365,-0.0153,-0.1964,,-0.0737,-0.0547,-0.2067,-0.1615,-0.0759,,-0.2085,-0.1795,-0.1455,-0.1506,-0.1893,-0.0450,,-0.0445,-0.0128,-0.0094,-0.1403,,-0.0263,,-0.1854,-0.2228,-0.0402,-0.0046,,
A,LEU,167,-0.0302,,,,,,,,,,,,,,,,,,,,,-0.0085,-0.0848,,,,,,,,,,,,,,,,,,,,,,,,,,,,,,,,,,,,,,,,,,,,,,,,,,,,,,,,,,,,,,,,,,,,-0.0058,,,,,,-0.0291,,,-0.0072,,,-0.0651,
A,PRO,168,-0.1004,-0.0701,-0.0655,-0.0526,-0.2448,-0.1299,-0.1223,-0.0959,-0.2491,-0.0830,-0.0089,-0.1556,-0.0517,-0.0891,-0.0701,-0.2367,-0.0291,-0.1254,-0.1273,-0.1439,-0.0698,-0.0351,-0.1654,-0.0155,-0.2388,-0.0882,-0.1599,,-0.0810,-0.0660,-0.1696,,-0.0429,-0.1928,,-0.0040,-0.0042,-0.0197,-0.2568,-0.0220,,,-0.0644,-0.1160,-0.0701,-0.1304,,-0.0057,-0.0028,-0.0362,-0.0701,-0.0167,-0.2709,-0.1341,-0.1262,-0.1645,-0.0453,-0.0627,,-0.0897,,-0.1849,,-0.0378,,-0.1153,-0.0272,-0.0360,-0.0878,,-0.2557,-0.0364,-0.1831,-0.1950,-0.2377,,-0.1544,-0.0223,-0.0094,-0.4352,-0.0854,-0.0908,-0.3165,-0.0289,-0.0108,-0.1383,,-0.1837,,,-0.0252,,-0.1403,-0.0359,,-0.2330,-0.1403,-0.0701,-0.0091,-0.3148,-0.0315,-0.6368,-0.1406,-0.0701
A,THR,169,,,,,,,,,,,,,,,,,,,,,,,,,,,,,,,,,,,,,,,,,,,,,,,,,,,,,,,,,,,,,,,,,,,,,,,,,,,,,,,,,,,,,,,,,,,,,,,,,,,,,,,,
A,GLY,170,,,,,,,,,,,,,,,,,,,,,,,,,,,,,,,,,,,,,,,,,,,,,,,,,,,,,,,,,,,,,,,,,,,,,,,,,,,,,,,,,,,,,,,,,,,,,,,,,,,,,,,,
A,VAL,171,,,,,,,,,,,,,,,,,,,,,,,,,,,,,,,,,,,,,,,,,,,,,,,,,,,,,,,,,,,,,,,,,,,,,,,,,,,,,,,,,,,,,,,,,,,,,,,,,,,,,,,,
A,HIS,172,,,,,,,,,,,,,,,,,,,,,,,,,,,,,,,,,,,,,,,,,,,,,,,,,,,,,,,,,,,,,,,,,,,,,,,,,,,,,,,,,,,,,,,,,,,,,,,,,,,,,,,,
A,ALA,173,,,,,,,,,,,,,,,,,,,,,,,,,,,,,,,,,,,,,,,,,,,,,,,,,,,,,,,,,,,,,,,,,,,,,,,,,,,,,,,,,,,,,,,,,,,,,,,,,,,,,,,,
A,GLY,174,,,,,,,,,,,,,,,,,,,,,,,,,,,,,,,,,,,,,,,,,,,,,,,,,,,,,,,,,,,,,,,,,,,,,,,,,,,,,,,,,,,,,,,,,,,,,,,,,,,,,,,,
A,PHE,181,,,,,,,,,,,,,,,,,,,,,,,,,,,,,,,,,,,,,,,,,,,,,,,,,,,,,,,,,,,,,,,,,,,,,,,,,,,,,,,,,,,,,,,,,,,,,,,,,,,,,,,,
A,PHE,185,,,,,,,,,,,,,,,,,,,,,,,,,,,,,,,,,,,,,,,,,,,,,,,,,,,,,,,,,,,,,,,,,,,,,,,,,,,,,,,,,,,,,,,,,,,,,,,,,,,,,,,,
A,VAL,186,,,,,,,,,,,,,,,,,,,,,,,,,,,,,,,,,,,,,,,,,,,,,,,,,,,,,,,,,,,,,,,,,,,,,,,,,,,,,,,,,,,,,,,,,,,,,,,,,,,,,,,,
A,ASP,187,-0.0176,,,,,,,,,,,,,,,,,,,,,,-0.0063,,,,,,,,,,-0.0269,,,,,,,,,,,,,,,,,-0.0342,,,,,,,,,,,,,,,,,,,,,,,,,,,,,,,,,-0.0326,,,,,,,,,,,,,,,,,,,-0.0351,,
A,ARG,188,,,,,,,,,,,,,,,,,,,,,,,,,,,,,,,,,,,,,,,,,,,,,,,,,,-0.0212,,,,,,,,,,,,,,,,,,,,,,,,,,,,,,,,,-0.0042,,,,,,,,,,,,,,,,,,,,,
A,GLN,189,-0.5060,-0.1251,-0.1390,-0.0602,-0.3109,-0.2882,-0.5469,-0.4293,-0.0410,-0.0364,-0.0209,-0.0076,-0.1733,-0.1661,,-0.3199,-0.1251,,-0.0130,-0.2713,-0.0376,-0.5296,-0.5067,-0.1009,-0.0042,,-0.3119,-0.1664,,-0.0338,-0.0132,,-0.3092,-0.5191,-0.0723,-0.0944,,-0.1405,-0.0174,-0.1968,-0.0056,-0.0821,-0.5043,-0.3878,,,-0.2069,-0.0476,,-0.1219,-0.1316,-0.0408,,,,,,,,,,,,-0.0961,,-0.0073,,,,-0.0400,,-0.0200,-0.0127,,,-0.2050,,-0.0353,-0.0017,-0.1679,,-0.0171,-0.0957,,,,,,-0.0230,,-0.0167,-0.0484,,,,-0.0449,,-0.2274,-0.1725,-0.1666,,-0.1081,-0.1341,-0.4853
A,THR,190,,,,,,,,,,,,,,,,,,,,,,,,,,,,,,,,,,,,,,,,,,,,,,,,,,,,,,,,,,,,,,,,,,,,,,,,,,,,,,,,,,,,,,,,,,,,,,,,,,,,,,,,
A,ALA,191,-0.0246,,,,,,-0.0122,,-0.0490,,,-0.0331,,,,,,-0.0151,-0.0284,,,,,,,,,,,,-0.0366,,,,,,,,,,,,,,,,,-0.0161,,,,,-0.0559,-0.0351,,,,,,,,-0.0193,,,,-0.0328,,,,,-0.0550,,-0.1013,-0.0269,-0.0502,,,,,,,,,,,-0.0351,,-0.0233,,,,,-0.0351,-0.0063,,-0.0152,,,,,,-0.0594,,
A,GLN,192,,,,,,,,,,,,,,,,,,,,,,,-0.0424,,,,,,,,,,,,,,,,,,,,,,,,,,,,,,,,,,,,,,,,,,,,,,,,,,,,,,,-0.0040,,,,,,,,,,,,,,,-0.0067,,,,,,,,,-0.0420,-0.0028,
A,ALA,193,,,,,,,,,,,,,,,,,,,,,,,,,,,,,,,,,,,,,,,,,,,,,,,,,,,,,,,,,,,,,,,,,,,,,,,,,,,,,,,,,,,,,,,,,,,,,,,,,,,,,,,,
A,ALA,194,,,,,,,,,,,,,,,,,,,,,,,,,,,,,,,,,,,,,,,,,,,,,,,,,,,,,,,,,,,,,,,,,,,,,,,,,,,,,,,,,,,,,,,,,,,,,,,,,,,,,,,,

Intra-Ligand Free,,,-1.0134,-0.6349,-1.3906,-1.5329,-1.2424,-1.3928,-1.5453,-1.4211,-1.6009,-0.9601,-1.5960,-1.6624,-1.5233,-1.5162,-1.1590,-1.3451,-1.5397,-1.1549,-1.2791,-1.0701,-1.4329,-1.2988,-0.8992,-1.1854,-1.6570,-1.5528,-1.1084,-1.6669,-1.5714,-1.4548,-1.4703,-1.6986,-0.8161,-0.7811,-1.0031,-0.1801,-1.2808,-1.5535,-1.3157,-1.2092,-0.8725,-1.1985,-1.1204,-0.5807,-1.1894,-1.2862,-1.0970,-1.1109,-1.4810,0.5795,-0.8514,-1.4525,-1.1558,-0.9751,-1.2520,-1.4940,-1.6125,0.3633,-0.7669,-1.6134,-1.4472,-0.8436,-1.5866,-1.4428,-0.3153,-1.4846,-1.1956,0.0671,-1.5328,0.0748,-0.6891,-0.4957,-0.9164,-1.4322,-0.9887,-0.7888,-0.4170,-0.0922,0.4287,-0.1392,-0.3076,-0.8954,-0.0721,-0.8949,-1.2336,0.0982,-0.2393,0.4140,0.1023,-0.6254,-0.8072,-0.6711,0.1639,1.1371,-0.0383,0.4409,0.1941,0.1158,0.5269,1.0441,0.4128,0.9084,0.2146,-0.5181
Inter-Ligand Free,,,-10.9249,-11.0463,-10.1482,-9.9487,-10.1760,-9.8124,-9.6073,-9.5886,-9.3253,-9.9350,-9.1006,-8.8982,-8.8941,-8.7695,-9.0517,-8.8392,-8.6293,-8.9822,-8.8532,-9.0614,-8.6610,-8.7792,-9.1623,-8.8635,-8.3914,-8.4833,-8.8943,-8.2963,-8.3484,-8.4269,-8.2703,-8.0289,-8.8431,-8.8717,-8.5944,-9.4174,-8.3123,-8.0128,-8.2462,-8.3503,-8.5897,-8.1911,-8.2336,-8.7475,-8.0690,-7.8618,-7.8225,-7.7898,-7.3874,-9.4243,-7.9402,-7.2870,-7.3331,-7.2497,-6.9077,-6.6511,-6.4025,-8.3759,-7.2295,-6.3299,-6.4710,-6.9509,-6.0886,-6.0789,-7.1899,-5.9773,-5.9393,-7.1198,-5.4752,-7.0364,-6.2461,-6.2024,-5.6882,-5.0733,-5.4919,-5.6045,-5.6450,-5.4990,-5.8668,-5.2196,-4.6864,-3.6378,-3.8580,-2.8119,-2.4067,-3.1638,-2.6938,-3.3130,-2.7735,-1.8587,2.0451,3.8524,4.8320,5.6278,10.5077,11.3073,22.2525,24.9222,32.5673,36.6197,48.4701,56.4644,66.3106,79.9816
Total Free Energy,,,-11.9383,-11.6812,-11.5389,-11.4817,-11.4184,-11.2053,-11.1526,-11.0097,-10.9262,-10.8951,-10.6966,-10.5606,-10.4174,-10.2856,-10.2108,-10.1843,-10.1690,-10.1370,-10.1324,-10.1315,-10.0938,-10.0780,-10.0614,-10.0489,-10.0484,-10.0360,-10.0027,-9.9632,-9.9199,-9.8816,-9.7406,-9.7275,-9.6592,-9.6528,-9.5975,-9.5974,-9.5931,-9.5663,-9.5619,-9.5595,-9.4623,-9.3896,-9.3540,-9.3282,-9.2584,-9.1481,-8.9195,-8.9007,-8.8684,-8.8448,-8.7915,-8.7394,-8.4890,-8.2248,-8.1597,-8.1452,-8.0151,-8.0126,-7.9965,-7.9432,-7.9182,-7.7945,-7.6752,-7.5217,-7.5052,-7.4619,-7.1349,-7.0528,-7.0080,-6.9616,-6.9352,-6.6981,-6.6045,-6.5055,-6.4806,-6.3933,-6.0619,-5.5912,-5.4381,-5.3588,-4.9939,-4.5333,-3.9301,-3.7067,-3.6404,-3.0657,-2.9331,-2.8990,-2.6712,-2.4842,1.2379,3.1813,4.9959,6.7649,10.4694,11.7482,22.4466,25.0379,33.0941,37.6637,48.8828,57.3728,66.5251,79.4635
Normalized Total Free Energy,,,-8.4539,-8.2549,-8.1448,-8.1005,-8.0515,-7.8866,-7.8459,-7.7353,-7.6706,-7.6466,-7.4930,-7.3878,-7.2769,-7.1750,-7.1171,-7.0966,-7.0847,-7.0600,-7.0564,-7.0557,-7.0266,-7.0143,-7.0015,-6.9918,-6.9914,-6.9818,-6.9560,-6.9255,-6.8920,-6.8623,-6.7532,-6.7431,-6.6902,-6.6853,-6.6425,-6.6424,-6.6391,-6.6183,-6.6149,-6.6131,-6.5379,-6.4816,-6.4541,-6.4341,-6.3801,-6.2947,-6.1179,-6.1033,-6.0783,-6.0601,-6.0188,-5.9785,-5.7847,-5.5803,-5.5299,-5.5186,-5.4180,-5.4161,-5.4036,-5.3624,-5.3430,-5.2473,-5.1550,-5.0362,-5.0234,-4.9900,-4.7369,-4.6733,-4.6387,-4.6028,-4.5823,-4.3989,-4.3265,-4.2498,-4.2306,-4.1630,-3.9066,-3.5424,-3.4239,-3.3625,-3.0802,-2.7237,-2.2570,-2.0841,-2.0328,-1.5881,-1.4855,-1.4591,-1.2828,-1.1381,1.7421,3.2459,4.6501,6.0190,8.8856,9.8751,18.1537,20.1589,26.3929,29.9289,38.6104,45.1801,52.2623,62.2742
