Chain ID,Residue name,Residue sequence,Conf 1,Conf 2,Conf 3,Conf 4,Conf 5,Conf 6,Conf 7,Conf 8,Conf 9,Conf 10,Conf 11,Conf 12,Conf 13,Conf 14,Conf 15,Conf 16,Conf 17,Conf 18,Conf 19,Conf 20,Conf 21,Conf 22,Conf 23,Conf 24,Conf 25,Conf 26,Conf 27,Conf 28,Conf 29,Conf 30,Conf 31,Conf 32,Conf 33,Conf 34,Conf 35,Conf 36,Conf 37,Conf 38,Conf 39,Conf 40,Conf 41,Conf 42,Conf 43,Conf 44,Conf 45,Conf 46,Conf 47,Conf 48
A,GLN,19,,,,,,,,,,,,,,,,,,,,,,,,,,,,,,,,,,,,,,,,,,,,,,,,
A,VAL,20,,,,,,,,,,,,,,,,,,,,,,,,,,,,,,,,,,,,,,,,,,,,,,,,
A,THR,21,,,,,,,,,,,,,,,,,,,,,,,,,,,,,,,,,,,,,,,,,,,,,,,,
A,CYS,22,,,,,,,,,,,,,,,,,,,,,,,,,,,,,,,,,,,,,,,,,,,,,,,,
A,GLY,23,,,,,,,,,,,,,,,,,,,,,,,,,,,,,,,,,,,,,,,,,,,,,,,,
A,THR,24,,,,,,,,,,,,,,,,,,,,,,,,,,,,,,,,,,,,,,,,,,,,,,,,
A,THR,25,,,,,,,,-0.0351,,,-0.0013,,,,,,,,,,-0.0393,,,,,-0.0410,,,,,,,-0.0247,,,-0.0616,,,,,-0.0266,,,,,-0.0077,,
A,THR,26,,,,,,,,,,,,,,,,,,,,,,,,,,,,,,,,,,,,,,,,,,,,,,,,
A,LEU,27,,,,,,,,,,,,,,,,,,,,,-0.0284,,,,,,,,,,,,,,,,,,,,-0.0112,,-0.0200,,,,,
A,ASN,28,,,,,,,,,,,,,,,,,,,,,,,,,,,,,,,,,,,,,,,,,,,,,,,,
A,CYS,38,,,,,,,,,,,,,,,,,,,,,,,,,,,,,,,,,,,,,,,,,,,,,,,,
A,PRO,39,,,,,,,,,,,,,,,,,,,,,,,,,,,,,,,,,,,,,,,,,,,,,,,,
A,ARG,40,,,,,,,,,,,,,,,,,,,,,,,,,,,,,,,,,,,,,,,,,,,,,,,,
A,HIS,41,,,,,,,,,,,,,,,,,,,,,,,,,,,,,,,,,,-0.0208,,,,,,,,,,-0.0351,-0.0701,,,
A,VAL,42,,,,,,,,,,,,,,,,,,,,,,,,,,,,,,,,,,,,,,,,,,,,,,,,
A,ILE,43,,,,,,,,,,,,,,,,,,,,,,,,,,,,,,,,,,,,,,,,,,,,,,,,
A,CYS,44,,,,,,,,,,,,,,,,,,,,,,,,,,,,,,,,,,,,,,,,,,,,,,,,
A,THR,45,,,,,,,,,,,,,,,,,,,,,,,,,,,,,,,,,,,,,,,,,,,,,,,,
A,SER,46,,,,,,,,,,,,,,,,,,,,,,,,,,,,,,,,,,,,,,,,,,,,,,,,
A,GLU,47,,,,,,,,,,,,,,,,,,,,,,,,,,,,,,,,,,,,,,,,,,,,,,,,
A,ASP,48,,,,,,,,,,,,,,,,,,,,,,,,,,,,,,,,,,,,,,,,,,,,,,,,
A,MET,49,,,,,,,,,,,,,,,,,,,,,,,,,,,,,,-0.0104,-0.0018,,,-0.0485,,,,,,-0.0045,,,,-0.0010,-0.0351,-0.0351,,
A,LEU,50,,,,,,,,,,,,,,,,,,,,,,,,,,,,,,,,,,,,,,,,,,,,,,,,
A,ASN,51,,,,,,,,,,,,,,,,,,,,,,,,,,,,,,,,,,,,,,,,,,,,,,,,
A,PRO,52,,,,,,,,,,,,,,,,,,,,,,,,,,,,,,,,,,,,,,,,,,,,,,,,
A,TYR,54,,,,,,,,,,,,,,,,,,,,,,,,,,,,,,,,,,,,,,,,,,,,,,,,
A,LEU,57,,,,,,,,,,,,,,,,,,,,,,,,,,,,,,,,,,,,,,,,,,,,,,,,
A,CYS,85,,,,,,,,,,,,,,,,,,,,,,,,,,,,,,,,,,,,,,,,,,,,,,,,
A,CYS,117,,,,,,,,,,,,,,,,,,,,,,,,,,,,,,,,,,,,,,,,,,,,,,,,
A,TYR,118,,,,,,,,,,,,,,,,,,,,,,,,,,,,,,,,,,,,,,,,,,,,,,,,
A,ASN,119,,,,,,,,,,,,,,,,,,,,,,,,,,,,,,,,,,,,,,,,,,,,,,,,
A,ILE,136,,,,,,,,,,,,,,,,,,,,,,,,,,,,,,,,,,,,,,,,,,,,,,,,
A,GLY,138,,,,,,,,,,,,,,,,,,,,,,,,,,,,,,,,,,,,,,,,,,,,,,,,
A,SER,139,,,,,,,,,,,,,,,,,,,,,,,,,,,,,,,,,,,,,,,,,,,,,,,,
A,PHE,140,,,,,,,,,,,,,,,,,,,,,,,,,,,,,,,,,,,,,,,,,,,,,,,,
A,LEU,141,,,,,,,,,,,,,,,,,,,,,,,,,,,,,,,,,,,,,,,,,,,,,,,,
A,ASN,142,,,-0.0028,-0.0119,-0.0093,-0.0316,,-0.0258,-0.0331,-0.0351,-0.0515,-0.0100,-0.0010,-0.0163,,-0.0165,-0.0032,-0.0277,-0.0179,-0.0548,,-0.0206,-0.0351,-0.0031,,-0.0107,-0.0157,,,-0.0089,-0.0351,-0.0579,-0.0668,-0.0067,-0.0351,,,,-0.0240,-0.0069,,-0.0399,-0.0350,,,,-0.0426,
A,GLY,143,,,,,,,,,,,,,,,,,,,,,,,,,,,,,,,,,,,,,,,,,,,,,,,,
A,SER,144,,,,,,,,,,,,,,,,,,,,,,,,,,,,,,,,,,,,,,,,,,,,,,,,
A,CYS,145,,,,,,,,,,,,,,,,,,,,,,,,,,,,,,,,,,,,,,,,,,,,,,,,
A,GLY,146,,,,,,,,,,,,,,,,,,,,,,,,,,,,,,,,,,,,,,,,,,,,,,,,
A,SER,147,,,,,,,,,,,,,,,,,,,,,,,,,,,,,,,,,,,,,,,,,,,,,,,,
A,TYR,161,,,,,,,,,,,,,,,,,,,,,,,,,,,,,,,,,,,,,,,,,,,,,,,,
A,MET,162,,,,,,,,,,,,,,,,,,,,,,,,,,,,,,,,,,,,,,,,,,,,,,,,
A,HIS,163,,,,,,,,,,,,,,,,,,,,,,,,,,,,,,,,,,,,,,,,,,,,,,,,
A,HIS,164,,,,,,,,,,,,,,,,,,,,,,,,,,,,,,,,,,,,,,,,,,,,,,,,
A,MET,165,-0.0273,-0.0351,,,,,-0.0056,,-0.0066,,,-0.0380,,-0.0391,,-0.0342,,,-0.0526,-0.0083,,-0.0201,-0.0098,-0.0258,-0.0351,-0.0351,-0.0430,,-0.0351,-0.0176,,-0.0351,-0.0480,,,-0.0606,,-0.0546,,-0.0351,-0.0351,-0.0232,-0.0146,,-0.0641,-0.0063,,-0.0345
A,GLU,166,,-0.0173,-0.0736,,-0.0682,,-0.0111,-0.0442,,-0.0282,,-0.0241,-0.0430,-0.0254,-0.1403,,-0.1347,,-0.0412,,-0.1131,-0.0401,,-0.0591,-0.0802,-0.0984,-0.0591,,-0.0514,,-0.0700,,-0.0362,-0.0075,-0.1031,-0.0388,-0.0871,-0.0392,-0.0701,-0.0433,-0.1088,-0.0635,-0.0010,-0.0382,-0.1251,-0.1296,-0.1403,-0.1358
A,LEU,167,,,,,,,,,,,,,,,,,,,,,,,,,,,,,-0.0041,,,,,,,,,,-0.0095,,,,,,,,,-0.0560
A,PRO,168,-0.0522,-0.0040,,-0.0563,,-0.0172,-0.0701,,-0.0824,,,,-0.0701,,,-0.0124,,,-0.0969,-0.0443,,,,,,,-0.0595,,-0.1102,,,,,,,,,,-0.0783,,,,,,,,,-0.0788
A,THR,169,,,,,,,,,,,,,,,,,,,,,,,,,,,,,,,,,,,,,,,,,,,,,,,,
A,GLY,170,,,,,,,,,,,,,,,,,,,,,,,,,,,,,,,,,,,,,,,,,,,,,,,,
A,VAL,171,,,,,,,,,,,,,,,,,,,,,,,,,,,,,,,,,,,,,,,,,,,,,,,,
A,HIS,172,,,,,,,,,,,,,,,,,,,,,,,,,,,,,,,,,,,,,,,,,,,,,,,,
A,ALA,173,,,,,,,,,,,,,,,,,,,,,,,,,,,,,,,,,,,,,,,,,,,,,,,,
A,GLY,174,,,,,,,,,,,,,,,,,,,,,,,,,,,,,,,,,,,,,,,,,,,,,,,,
A,PHE,181,,,,,,,,,,,,,,,,,,,,,,,,,,,,,,,,,,,,,,,,,,,,,,,,
A,PHE,185,,,,,,,,,,,,,,,,,,,,,,,,,,,,,,,,,,,,,,,,,,,,,,,,
A,VAL,186,,,,,,,,,,,,,,,,,,,,,,,,,,,,,,,,,,,,,,,,,,,,,,,,
A,ASP,187,,,,,,,,,,,,,,,,,,,,,,,,,,,,,,,,,,,,,,,,,,,,,-0.0083,,,
A,ARG,188,,,,,,,,,,,,,,,,,,,,,,,,,,,,,,,,,,,,,,,,,,,,,,,,
A,GLN,189,,-0.0091,-0.0394,-0.0277,-0.0701,-0.0005,-0.0024,-0.0359,-0.0261,-0.0364,,-0.0544,-0.0012,-0.0351,,-0.0351,,-0.0617,-0.0244,-0.0259,,-0.0431,-0.0175,-0.0275,,-0.0261,-0.0809,-0.0738,-0.0118,-0.0850,,,-0.0701,-0.0046,,-0.0559,,-0.0430,,-0.0394,-0.1153,-0.1371,-0.0031,-0.0320,,-0.0080,-0.0097,-0.0063
A,THR,190,,,,,,,,,,,,,,,,,,,,,,,,,,,,,,,,,,,,,,,,,,,,,,,,
A,ALA,191,,,,,,,,,,,,,,,,,,,,,,,,,,,,,,,,,,,,,,,,,,,,,,,,
A,GLN,192,,,,,,,,,,,,,,,,,,,,,,,,,,,,,,,,,,,,,,,,,,,,,,,,
A,ALA,193,,,,,,,,,,,,,,,,,,,,,,,,,,,,,,,,,,,,,,,,,,,,,,,,

Intra-Ligand Free,,,0.0000,0.0000,0.0000,0.0000,0.0000,0.0000,0.0000,0.0000,0.0000,0.0000,0.0000,0.0000,0.0000,0.0000,0.0000,0.0000,0.0000,0.0000,0.0000,0.0000,0.0000,0.0000,0.0000,0.0000,0.0000,0.0000,0.0000,0.0000,0.0000,0.0000,0.0000,0.0000,0.0000,0.0000,0.0000,0.0000,0.0000,0.0000,0.0000,0.0000,0.0000,0.0000,0.0000,0.0000,0.0000,0.0000,0.0000,0.0000
Inter-Ligand Free,,,-8.8467,-8.5948,-7.5670,-5.7421,-5.0009,-3.2624,-2.7997,-2.3200,-1.5059,-1.1782,-0.2933,0.0426,0.9142,1.2267,2.8516,3.0957,4.0028,4.3289,5.9107,6.1931,6.7746,7.2831,7.8281,8.2019,8.2640,9.8108,11.6966,13.3128,14.9832,15.1841,17.0751,22.4374,22.7491,23.7647,24.4039,26.7200,27.4895,28.9522,34.3552,42.8618,57.8862,59.7583,63.1360,66.2291,69.9047,95.4596,116.0136,116.5683
Total Free Energy,,,-8.8467,-8.5948,-7.5670,-5.7421,-5.0009,-3.2624,-2.7997,-2.3200,-1.5059,-1.1782,-0.2933,0.0426,0.9142,1.2267,2.8516,3.0957,4.0028,4.3289,5.9107,6.1931,6.7746,7.2831,7.8281,8.2019,8.2640,9.8108,11.6966,13.3128,14.9832,15.1841,17.0751,22.4374,22.7491,23.7647,24.4039,26.7200,27.4895,28.9522,34.3552,42.8618,57.8862,59.7583,63.1360,66.2291,69.9047,95.4596,116.0136,116.5683
Normalized Total Free Energy,,,-8.8467,-8.5948,-7.5670,-5.7421,-5.0009,-3.2624,-2.7997,-2.3200,-1.5059,-1.1782,-0.2933,0.0426,0.9142,1.2267,2.8516,3.0957,4.0028,4.3289,5.9107,6.1931,6.7746,7.2831,7.8281,8.2019,8.2640,9.8108,11.6966,13.3128,14.9832,15.1841,17.0751,22.4374,22.7491,23.7647,24.4039,26.7200,27.4895,28.9522,34.3552,42.8618,57.8862,59.7583,63.1360,66.2291,69.9047,95.4596,116.0136,116.5683
