Chain ID,Residue name,Residue sequence,Conf 1,Conf 2,Conf 3,Conf 4,Conf 5
A,VAL,20,,,,,
A,THR,21,,,,,
A,CYS,22,,,,,
A,GLY,23,,,,,
A,THR,24,,,,,
A,THR,25,0.1629,,,3.5685,0.0050
A,THR,26,0.2601,,,0.1681,0.1731
A,LEU,27,,,,,0.2223
A,ASN,28,,,,,
A,PRO,39,,,,,
A,HIS,41,,0.0154,,,
A,VAL,42,,,,,
A,ILE,43,,,,,
A,CYS,44,,,,0.0092,
A,THR,45,,,,,
A,SER,46,,,,,
A,GLU,47,,,,,
A,ASP,48,,,,,
A,MET,49,0.0829,0.2291,0.6197,0.0908,
A,LEU,50,,,,,
A,CYS,117,,,,,
A,TYR,118,,,,,
A,ASN,119,,,,,
A,GLY,138,,,,,
A,SER,139,,,,,
A,PHE,140,0.3481,0.0209,,,
A,LEU,141,0.0024,,0.2558,,
A,ASN,142,0.4195,0.9493,3.6129,3.8400,5.1037
A,GLY,143,0.0298,0.2132,,0.0909,0.1469
A,SER,144,,,0.0346,,
A,CYS,145,0.2398,0.2832,0.6092,,1.8151
A,GLY,146,,,,,
A,SER,147,,,,,
A,TYR,161,,,,,
A,HIS,163,,0.0875,,,
A,HIS,164,,,,,0.1583
A,MET,165,0.3577,0.0801,0.4758,0.0802,0.0087
A,GLU,166,0.5190,2.3337,5.1919,4.1750,4.3434
A,LEU,167,0.0544,0.0024,0.1305,0.1535,0.5408
A,PRO,168,1.0735,0.4144,0.1495,0.5245,1.3156
A,THR,169,,,,,
A,GLY,170,,,0.0339,0.0527,0.0152
A,VAL,171,,,,,
A,HIS,172,,0.0807,,,
A,ALA,173,,,,,
A,PHE,185,,,,,
A,VAL,186,,,,,
A,ASP,187,,,,,
A,ARG,188,0.0019,,,,
A,GLN,189,0.7849,0.3355,5.2668,8.0527,16.3803
A,THR,190,0.1063,,,,
A,ALA,191,0.0109,0.0199,,,
A,GLN,192,,,,,
A,ALA,193,,,,,

Intra-Ligand Free,,,-2.3374,0.2296,5.7173,7.1707,62.4355
Inter-Ligand Free,,,-12.5695,-10.5553,3.1167,7.8206,17.3133
Total Free Energy,,,-14.9069,-10.3257,8.8340,14.9913,79.7488
Normalized Total Free Energy,,,-4.4695,-2.8405,3.9724,6.1618,29.1887
