Chain ID,Residue name,Residue sequence,Conf 1,Conf 2,Conf 3,Conf 4,Conf 5,Conf 6,Conf 7,Conf 8,Conf 9,Conf 10,Conf 11,Conf 12,Conf 13,Conf 14,Conf 15,Conf 16,Conf 17,Conf 18,Conf 19,Conf 20,Conf 21,Conf 22,Conf 23,Conf 24,Conf 25,Conf 26,Conf 27,Conf 28,Conf 29,Conf 30,Conf 31,Conf 32,Conf 33,Conf 34,Conf 35,Conf 36,Conf 37,Conf 38,Conf 39,Conf 40,Conf 41,Conf 42,Conf 43,Conf 44,Conf 45,Conf 46,Conf 47,Conf 48,Conf 49,Conf 50,Conf 51,Conf 52,Conf 53,Conf 54,Conf 55,Conf 56,Conf 57,Conf 58,Conf 59,Conf 60,Conf 61,Conf 62,Conf 63,Conf 64,Conf 65,Conf 66,Conf 67,Conf 68,Conf 69,Conf 70,Conf 71,Conf 72,Conf 73,Conf 74,Conf 75,Conf 76,Conf 77,Conf 78,Conf 79,Conf 80,Conf 81,Conf 82,Conf 83,Conf 84,Conf 85,Conf 86,Conf 87,Conf 88,Conf 89,Conf 90,Conf 91,Conf 92,Conf 93,Conf 94,Conf 95,Conf 96,Conf 97,Conf 98,Conf 99,Conf 100,Conf 101,Conf 102,Conf 103,Conf 104,Conf 105,Conf 106,Conf 107,Conf 108,Conf 109,Conf 110,Conf 111,Conf 112,Conf 113,Conf 114,Conf 115,Conf 116,Conf 117,Conf 118,Conf 119,Conf 120,Conf 121,Conf 122,Conf 123,Conf 124,Conf 125,Conf 126,Conf 127,Conf 128,Conf 129,Conf 130,Conf 131,Conf 132,Conf 133,Conf 134,Conf 135,Conf 136,Conf 137,Conf 138,Conf 139,Conf 140,Conf 141,Conf 142,Conf 143,Conf 144,Conf 145,Conf 146,Conf 147,Conf 148,Conf 149,Conf 150,Conf 151,Conf 152,Conf 153,Conf 154,Conf 155,Conf 156,Conf 157,Conf 158,Conf 159,Conf 160,Conf 161,Conf 162,Conf 163,Conf 164,Conf 165,Conf 166,Conf 167,Conf 168,Conf 169,Conf 170,Conf 171,Conf 172,Conf 173,Conf 174,Conf 175,Conf 176,Conf 177,Conf 178,Conf 179,Conf 180,Conf 181,Conf 182,Conf 183,Conf 184,Conf 185,Conf 186,Conf 187,Conf 188,Conf 189,Conf 190,Conf 191,Conf 192,Conf 193,Conf 194,Conf 195,Conf 196,Conf 197,Conf 198,Conf 199,Conf 200,Conf 201,Conf 202,Conf 203,Conf 204,Conf 205,Conf 206,Conf 207,Conf 208,Conf 209,Conf 210,Conf 211,Conf 212,Conf 213,Conf 214,Conf 215,Conf 216,Conf 217,Conf 218,Conf 219,Conf 220,Conf 221,Conf 222,Conf 223,Conf 224,Conf 225,Conf 226,Conf 227,Conf 228,Conf 229,Conf 230,Conf 231,Conf 232,Conf 233,Conf 234,Conf 235,Conf 236,Conf 237,Conf 238,Conf 239,Conf 240,Conf 241,Conf 242,Conf 243,Conf 244,Conf 245,Conf 246,Conf 247,Conf 248,Conf 249,Conf 250,Conf 251,Conf 252,Conf 253,Conf 254,Conf 255,Conf 256,Conf 257,Conf 258,Conf 259,Conf 260,Conf 261,Conf 262,Conf 263,Conf 264,Conf 265,Conf 266,Conf 267,Conf 268,Conf 269,Conf 270,Conf 271,Conf 272,Conf 273,Conf 274,Conf 275,Conf 276,Conf 277,Conf 278,Conf 279,Conf 280,Conf 281,Conf 282,Conf 283,Conf 284,Conf 285,Conf 286,Conf 287,Conf 288,Conf 289,Conf 290,Conf 291,Conf 292,Conf 293,Conf 294,Conf 295,Conf 296,Conf 297,Conf 298,Conf 299,Conf 300,Conf 301,Conf 302,Conf 303,Conf 304,Conf 305,Conf 306,Conf 307,Conf 308,Conf 309,Conf 310,Conf 311,Conf 312,Conf 313,Conf 314,Conf 315,Conf 316,Conf 317,Conf 318,Conf 319,Conf 320,Conf 321,Conf 322,Conf 323,Conf 324,Conf 325,Conf 326,Conf 327,Conf 328,Conf 329,Conf 330,Conf 331
A,VAL,20,,,,,,,,,,,,,,,,,,,,,,,,,,,,,,,,,,,,,,,,,,,,,,,,,,,,,,,,,,,,,,,,,,,,,,,,,,,,,,,,,,,,,,,,,,,,,,,,,,,,,,,,,,,,,,,,,,,,,,,,,,,,,,,,,,,,,,,,,,,,,,,,,,,,,,,,,,,,,,,,,,,,,,,,,,,,,,,,,,,,,,,,,,,,,,,,,,,,,,,,,,,,,,,,,,,,,,,,,,,,,,,,,,,,,,,,,,,,,,,,,,,,,,,,,,,,,,,,,,,,,,,,,,,,,,,,,,,,,,,,,,,,,,,,,,,,,,,,,,,,,,,,,,,,,,,,,,,,,,,,,,,,,,,,,,,
A,THR,21,,,,,,,,,,,,,,,,,,,,,,,,,,,,,,,,,,,,,,,,,,,,,,,,,,,,,,,,,,,,,,,,,,,,,,,,,,,,,,,,,,,,,,,,,,,,,,,,,,,,,,,,,,,,,,,,,,,,,,,,,,,,,,,,,,,,,,,,,,,,,,,,,,,,,,,,,,,,,,,,,,,,,,,,,,,,,,,,,,,,,,,,,,,,,,,,,,,,,,,,,,,,,,,,,,,,,,,,,,,,,,,,,,,,,,,,,,,,,,,,,,,,,,,,,,,,,,,,,,,,,,,,,,,,,,,,,,,,,,,,,,,,,,,,,,,,,,,,,,,,,,,,,,,,,,,,,,,,,,,,,,,,,,,,,,,
A,CYS,22,,,,,,,,,,,,,,,,,,,,,,,,,,,,,,,,,,,,,,,,,,,,,,,,,,,,,,,,,,,,,,,,,,,,,,,,,,,,,,,,,,,,,,,,,,,,,,,,,,,,,,,,,,,,,,,,,,,,,,,,,,,,,,,,,,,,,,,,,,,,,,,,,,,,,,,,,,,,,,,,,,,,,,,,,,,,,,,,,,,,,,,,,,,,,,,,,,,,,,,,,,,,,,,,,,,,,,,,,,,,,,,,,,,,,,,,,,,,,,,,,,,,,,,,,,,,,,,,,,,,,,,,,,,,,,,,,,,,,,,,,,,,,,,,,,,,,,,,,,,,,,,,,,,,,,,,,,,,,,,,,,,,,,,,,,,
A,GLY,23,,,,,,,,,,,,,,,,,,,,,,,,,,,,,,,,,,,,,,,,,,,,,,,,,,,,,,,,,,,,,,,,,,,,,,,,,,,,,,,,,,,,,,,,,,,,,,,,,,,,,,,,,,,,,,,,,,,,,,,,,,,,,,,,,,,,,,,,,,,,,,,,,,,,,,,,,,,,,,,,,,,,,,,,,,,,,,,,,,,,,,,,,,,,,,,,,,,,,,,,,,,,,,,,,,,,,,,,,,,,,,,,,,,,,,,,,,,,,,,,,,,,,,,,,,,,,,,,,,,,,,,,,,,,,,,,,,,,,,,,,,,,,,,,,,,,,,,,,,,,,,,,,,,,,,,,,,,,,,,,,,,,,,,,,,,
A,THR,24,,,,,,,,,,,,,,,,,,,,,,,,,,,,,,,,,,,,,,,,,,,,,,,,,,,,,,,,,,,,,,,,,,,,,,,,,,,,,,,,,,,,,,,,,,,,,,,,,,,,,,,,,,,,,,,,,,,,,,,,,,,,,,,,,,,,,,,,,,,,,,,,,,,,,,,,,,,,,,,,,,,,,,,,,,,,,,,,,,,,,,,,,,,,,,,,,,,,,,,,,,,,,,,,,,,,,,,,,,,,,,,,,,,,,,,,,,,,,,,,,,,,,,,,,,,,,,,,,,,,,,,,,,,,,,,,,,,,,,,,,,,,,,,,,,,,,,,,,,,,,,,,,,,,,,,,,,,,,,,,,,,,,,,,,,,
A,THR,25,,,,,,,0.0107,,,,,,,,,,0.0205,,,,,0.0607,,,,,,,,,,,,,,,0.0715,,,,,,,,,,,,,,,,,,,,0.0009,,,,,,,,,,,,,,,0.0160,,,,,,,,,0.0080,,,,0.0384,,,,,,,,,,,,,,,,,0.0258,,,,0.0209,,,,,0.0075,,,,,0.0066,,,,,,,,,,,,,,0.0289,,,,,0.0335,,,,,,0.0458,,,,,,,,,,,,,,,,,,0.0612,,,,,0.0147,,,,,,,,,,,,,,,0.0135,,,,0.0073,,,,,,,,,,,0.0782,,,,,,,,,0.0266,,,,,,0.0645,,,,,,,,,,,,,,,,,,,,,,0.0099,,,,0.0193,,,,,,,,,,,,,,,,,,,,,,,,,,,,,,,,,,0.2652,,,,,,,,,,,,,,,,,,,,0.0073,0.5689,,,,,,,,,,,,0.1125,,,,,,,,,,,,,,,,,,,,,,,,,,,,,
A,THR,26,,,,0.0090,0.0036,,,,,,,,,0.1470,,,,,,,,,0.0114,,,,,,0.0045,,,,,,,,,,,,,,,,,,,,,,,,,,,,,,,,,,,,,,,,,,,0.0020,,,,0.0114,,,,,0.0158,,,,0.1208,,,,,0.0017,,,,,,,,,,,,0.0073,,,,0.0256,,,0.0148,,,,,,,0.0270,,,,,,0.0272,,,,,,,,0.0968,,0.0631,,,0.0161,,0.0432,,,,,0.0409,0.0233,,,,,,0.0077,0.1861,,,,,0.0102,,,,0.1333,,,,,,,,,,,,,,,,,,,,,,,,0.0460,,,,,,,,,,,0.0608,,,,,0.0115,,,,,,,,,,,,,,,,,,,,,,,,,,,,0.0008,,,,0.2802,,,,,,,,,,0.0064,,,,,,,0.0565,,,,,,,,,0.0039,,,,,,,,,,,,,,,,,,,,,,,,,,,,,,,,0.1098,0.0286,,,,,,,,,,,,,,,,,,,,0.0460,,,,,,,,,,,,,,,,,,,,,
A,LEU,27,,,0.0756,,0.0140,,,,,,,,,,0.0604,,0.0001,,,,,0.0120,0.0201,0.0010,,,,,0.0132,,0.0195,,,,,,,,,,,,,,,,,,,,,,,,,,,,,,,,,,,,,,,,,,,,,0.0328,,,,,0.0142,0.0200,,,,,,,,,,,,,,,,,,,,,,,,0.0038,,,,,0.0283,,,,,0.0048,,,,,,0.0047,,,,,,,,,,0.0359,,,,,0.0782,,,,,,,,,,,,,0.0121,,,,,,,,,,,,,,,,,0.0363,,,,,,,,,,,,,,,,,,,,,,,,,,,,,,,,,,,,0.0041,,,,,,,,,,,,,,,,,,,,,,,,0.0262,,,,,,,,,,,,,,,0.4891,,,,,,,,,,,,,,,0.0756,,,,,,,,,,,,,,,,0.0645,,,,,,,,,,,0.0014,,,,,,,,,,,,,,,,,,,,,,,,,,,,,,,,,,,,,,,,,,,,,,,
A,ASN,28,,,,,,,,,,,,,,,,,,,,,,,,,,,,,,,,,,,,,,,,,,,,,,,,,,,,,,,,,,,,,,,,,,,,,,,,,,,,,,,,,,,,,,,,,,,,,,,,,,,,,,,,,,,,,,,,,,,,,,,,,,,,,,,,,,,,,,,,,,,,,,,,,,,,,,,,,,,,,,,,,,,,,,,,,,,,,,,,,,,,,,,,,,,,,,,,,,,,,,,,,,,,,,,,,,,,,,,,,,,,,,,,,,,,,,,,,,,,,,,,,,,,,,,,,,,,,,,,,,,,,,,,,,,,,,,,,,,,,,,,,,,,,,,,,,,,,,,,,,,,,,,,,,,,,,,,,,,,,,,,,,,,,,,,,,,
A,PRO,39,,,,,,,,,,,,,,,,,,,,,,,,,,,,,,,,,,,,,,,,,,,,,,,,,,,,,,,,,,,,,,,,,,,,,,,,,,,,,,,,,,,,,,,,,,,,,,,,,,,,,,,,,,,,,,,,,,,,,,,,,,,,,,,,,,,,,,,,,,,,,,,,,,,,,,,,,,,,,,,,,,,,,,,,,,,,,,,,,,,,,,,,,,,,,,,,,,,,,,,,,,,,,,,,,,,,,,,,,,,,,,,,,,,,,,,,,,,,,,,,,,,,,,,,,,,,,,,,,,,,,,,,,,,,,,,,,,,,,,,,,,,,,,,,,,,,,,,,,,,,,,,,,,,,,,,,,,,,,,,,,,,,,,,,,,,
A,ARG,40,,,,,,,,,,,,,,,,,,,,,,,,,,,,,,,,,,,,,,,,,,,,,,,,,,,,,,,,,,,,,,,,,,,,,,,,,,,,,,,,,,,,,,,,,,,,,,,,,,,,,,,,,,,,,,,,,,,,,,,,,,,,,,,,,,,,,,,,,,,,,,,,,,,,,,,,,,,,,,,,,,,,,,,,,,,,,,,,,,,,,,,,,,,,,,,,,,,,,,,,,,,,,,,,,,,,,,,,,,,,,,,,,,,,,,,,,,,,,,,,,,,,,,,,,,,,,,,,,,,,,,,,,,,,,,,,,,,,,,,,,,,,,,,,,,,,,,,,,,,,,,,,,,,,,,,,,,,,,,,,,,,,,,,,,,,
A,HIS,41,0.0044,0.0263,0.1074,0.0548,0.0023,0.1222,0.0805,0.0051,0.0005,,0.0825,0.0730,0.0117,0.2504,0.0111,,0.0507,,0.0033,,,,,0.0085,0.1599,,0.1093,,0.1584,0.2521,0.0908,0.0059,,0.0959,,,0.0306,,0.1639,0.0486,,,0.1869,,,,0.1070,,,,,,,0.0896,0.0060,,0.0120,0.1393,,0.2333,,0.1270,0.0456,0.1710,,0.0004,,0.0104,,,,,0.0065,,,,,,0.0199,,0.1139,0.0650,,0.1720,0.0001,,0.0193,0.0647,,,,,,,0.0179,0.0150,,0.0144,,,0.1740,,0.1173,,,,0.0746,,,0.0474,,,,0.0014,,0.0174,,,,,,0.0578,,,0.0134,,,,0.0628,,,0.1769,,0.0451,0.1224,0.0006,0.0534,,0.0044,,,0.0144,,,0.0054,,,,0.0187,0.0006,0.0674,,0.0344,,,,,,,,,,,,0.1529,,,0.0577,,,,,0.0077,,0.0479,,,,0.0648,0.0085,,,,,0.0001,,,0.0477,,0.0556,,0.0056,0.0096,,,,,,0.0009,,0.0051,,0.0768,,,,,,,,,,0.0438,,,0.0438,,,,,0.0680,,0.0030,,0.1413,,0.0527,,0.4099,0.0474,,,0.0633,,,,,,,,,,0.0150,,,,,,,,,,,,0.0227,,0.0078,,,0.0289,,,,,,,0.0066,,,0.0045,,,0.0329,,0.0594,,,,,,0.0976,,,0.0097,,,,,0.0132,,,,0.1867,,,,0.1468,,,,0.0890,,,,,0.0256,,,,,,0.0038,,,,,,0.0223,0.0648,0.0128,,,,,,0.0166,1.3002,,,,1.5235
A,VAL,42,,,,,,,,,,,,,,,,,,,,,,,,,,,,,,,,,,,,,,,,,,,,,,,,,,,,,,,,,,,,,,,,,,,,,,,,,,,,,,,,,,,,,,,,,,,,,,,,,,,,,,,,,,,,,,,,,,,,,,,,,,,,,,,,,,,,,,,,,,,,,,,,,,,,,,,,,,,,,,,,,,,,,,,,,,,,,,,,,,,,,,,,,,,,,,,,,,,,,,,,,,,,,,,,,,,,,,,,,,,,,,,,,,,,,,,,,,,,,,,,,,,,,,,,,,,,,,,,,,,,,,,,,,,,,,,,,,,,,,,,,,,,,,,,,,,,,,,,,,,,,,,,,,,,,,,,,,,,,,,,,,,,,,,,,,,
A,ILE,43,,,,,,,,,,,,,,,,,,,,,,,,,,,,,,,,,,,,,,,,,,,,,,,,,,,,,,,,,,,,,,,,,,,,,,,,,,,,,,,,,,,,,,,,,,,,,,,,,,,,,,,,,,,,,,,,,,,,,,,,,,,,,,,,,,,,,,,,,,,,,,,,,,,,,,,,,,,,,,,,,,,,,,,,,,,,,,,,,,,,,,,,,,,,,,,,,,,,,,,,,,,,,,,,,,,,,,,,,,,,,,,,,,,,,,,,,,,,,,,,,,,,,,,,,,,,,,,,,,,,,,,,,,,,,,,,,,,,,,,,,,,,,,,,,,,,,,,,,,,,,,,,,,,,,,,,,,,,,,,,,,,,,,,,,,,
A,CYS,44,,,,,,,,,,,,,,,,,,,,,,,,,,,,,,,,,,,,,,,,,,,,,,,,,,,,,,,,,,,,,,,,,,,,,,,,,,,,,,,,,,,,,,,,,,,,,,,,,,,,,,,,,,,,,,,,,,,,,,,,,,,,,,,,,,,,,,,,,,,,,,,,,,,,,,,,,,,,,,,,,,,,,,,,,,,,,,,,,,,,,,,,,,,,,,,,,,,,,,,,,,,,,,,,,,,,,,,,,,,,,,,,,,,,,,,,,,,,,,,,,,,,,,,,,,,,,,,,,,,,,,,,,,,,,,,,,,,,,,,,,,,,,,,,,,,,,,,,,,,,,,,,,,,,,,,,,,,,,,,,,,,,,,,,,,,
A,THR,45,,,,,,,,,,,,,,,,,,,,,,,,,,,,,,,,,,,,,,,,,,,,,,,,,,,,,,,,,,,,,,,,,,,,,,,,,,,,,,,,,,,,,,,,,,,,,,,,,,,,,,,,,,,,,,,,,,,,,,,,,,,,,,,,,,,,,,,,,,,,,,,,,,,,,,,,,,,,,,,,,,,,,,,,,,,,,,,,,,,,,,,,,,,,,,,,,,,,,,,,,,,,,,,,,,,,,,,,,,,,,,,,,,,,,,,,,,,,,,,,,,,,,,,,,,,,,,,,,,,,,,,,,,,,,,,,,,,,,,,,,,,,,,,,,,,,,,,,,,,,,,,,,,,,,,,,,,,,,,,,,,,,,,,,,,,
A,SER,46,,,,,,,,,,,,,,,,,,,,,,,,,,,,,,,,,,,,,,,,,,,,,,,,,,,,,,,,,,,,,,,,,,,,,,,,,,,,,,,,,,,,,,,,,,,,,,,,,,,,,,,,,,,,,,,,,,,,,,,,,,,,,,,,,,,,,,,,,,,,,,,,,,,,,,,,,,,,,,,,,,,,,,,,,,,,,,,,,,,,,,,,,,,,,,,,,,,,,,,,,,,,,,,,,,,,,,,,,,,,,,,,,,,,,,,,,,,,,,,,,,,,,,,,,,,,,,,,,,,,,,,,,,,,,,,,,,,,,,,,,,,,,,,,,,,,,,,,,,,,,,,,,,,,,,,,,,,,,,,,,,,,,,,,,,,
A,GLU,47,,,,,,,,,,,,,,,,,,,,,,,,,,,,,,,,,,,,,,,,,,,,,,,,,,,,,,,,,,,,,,,,,,,,,,,,,,,,,,,,,,,,,,,,,,,,,,,,,,,,,,,,,,,,,,,,,,,,,,,,,,,,,,,,,,,,,,,,,,,,,,,,,,,,,,,,,,,,,,,,,,,,,,,,,,,,,,,,,,,,,,,,,,,,,,,,,,,,,,,,,,,,,,,,,,,,,,,,,,,,,,,,,,,,,,,,,,,,,,,,,,,,,,,,,,,,,,,,,,,,,,,,,,,,,,,,,,,,,,,,,,,,,,,,,,,,,,,,,,,,,,,,,,,,,,,,,,,,,,,,,,,,,,,,,,,
A,ASP,48,,,,,,,,,,,,,,,,,,,,,,,,,,,,,,,,,,,,,,,,,,,,,,,,,,,,,,,,,,,,,,,,,,,,,,,,,,,,,,,,,,,,,,,,,,,,,,,,,,,,,,,,,,,,,,,,,,,,,,,,,,,,,,,,,,,,,,,,,,,,,,,,,,,,,,,,,,,,,,,,,,,,,,,,,,,,,,,,,,,,,,,,,,,,,,,,,,,,,,,,,,,,,,,,,,,,,,,,,,,,,,,,,,,,,,,,,,,,,,,,,,,,,,,,,,,,,,,,,,,,,,,,,,,,,,,,,,,,,,,,,,,,,,,,,,,,,,,,,,,,,,,,,,,,,,,,,,,,,,,,,,,,,,,,,,,
A,MET,49,,,,,,,0.0773,,,,,,,,0.0148,,0.0007,0.0052,,,,0.0027,,,0.0297,,0.0265,,,0.0746,0.0015,0.0064,,0.1317,,,0.0001,,0.0172,,,,0.0603,,,0.0016,,,,,,,,,,,0.0084,,,,,,0.0013,0.1043,0.0065,0.0543,,,,,,,,,,,,,0.0033,,0.0775,,,0.0244,,,0.0975,0.0395,,0.0023,,,,,,0.0090,,0.0045,,,,0.0012,0.0196,,,,,,,,0.0048,,,,,0.0016,,,,,,,,,,,,,0.0005,,0.0153,0.0010,,,,,0.0040,,0.0091,,,0.1109,,,0.0038,,,0.0932,,,0.0295,0.0014,,,0.0711,,,,,,,,,0.0074,,,0.0401,0.0271,,,,,,,0.0175,,,,0.0914,0.0055,,,0.0226,,0.0017,,0.0002,,,,,,,0.0202,,,,,,,,,0.0040,0.0002,,,,,0.0293,,,,,,,0.0031,,,,,,,,,0.1416,,,,,,0.0124,,,,,,,,0.0032,,0.0753,0.0104,0.0095,,,,,0.0004,,,,,0.1461,0.0451,,,,,,0.2332,,,,,,,0.0256,,0.2100,,,,,,,,,,0.0025,,,0.0444,,,,,,0.0136,0.1821,,,,,,,,,,,,,,,,,,,,,,,,,,,,,,,,,0.0051,,,0.0760,0.1213,0.3552,,,,5.3139
A,LEU,50,,,,,,,,,,,,,,,,,,,,,,,,,,,,,,,,,,,,,,,,,,,,,,,,,,,,,,,,,,,,,,,,,,,,,,,,,,,,,,,,,,,,,,,,,,,,,,,,,,,,,,,,,,,,,,,,,,,,,,,,,,,,,,,,,,,,,,,,,,,,,,,,,,,,,,,,,,,,,,,,,,,,,,,,,,,,,,,,,,,,,,,,,,,,,,,,,,,,,,,,,,,,,,,,,,,,,,,,,,,,,,,,,,,,,,,,,,,,,,,,,,,,,,,,,,,,,,,,,,,,,,,,,,,,,,,,,,,,,,,,,,,,,,,,,,,,,,,,,,,,,,,,,,,,,,,,,,,,,,,,,,,,,,,,,,,
A,ASN,51,,,,,,,,,,,,,,,,,,,,,,,,,,,,,,,,,,,,,,,,,,,,,,,,,,,,,,,,,,,,,,,,,,,,,,,,,,,,,,,,,,,,,,,,,,,,,,,,,,,,,,,,,,,,,,,,,,,,,,,,,,,,,,,,,,,,,,,,,,,,,,,,,,,,,,,,,,,,,,,,,,,,,,,,,,,,,,,,,,,,,,,,,,,,,,,,,,,,,,,,,,,,,,,,,,,,,,,,,,,,,,,,,,,,,,,,,,,,,,,,,,,,,,,,,,,,,,,,,,,,,,,,,,,,,,,,,,,,,,,,,,,,,,,,,,,,,,,,,,,,,,,,,,,,,,,,,,,,,,,,,,,,,,,,,,,
A,PRO,52,,,,,,,,,,,,,,,,,,,,,,,,,,,,,,,,,,,,,,,,,,,,,,,,,,,,,,,,,,,,,,,,,,,,,,,,,,,,,,,,,,,,,,,,,,,,,,,,,,,,,,,,,,,,,,,,,,,,,,,,,,,,,,,,,,,,,,,,,,,,,,,,,,,,,,,,,,,,,,,,,,,,,,,,,,,,,,,,,,,,,,,,,,,,,,,,,,,,,,,,,,,,,,,,,,,,,,,,,,,,,,,,,,,,,,,,,,,,,,,,,,,,,,,,,,,,,,,,,,,,,,,,,,,,,,,,,,,,,,,,,,,,,,,,,,,,,,,,,,,,,,,,,,,,,,,,,,,,,,,,,,,,,,,,,,,
A,TYR,54,0.1094,,0.2048,,,,0.0040,,,,,,,,0.2867,,,0.0184,,,,,,,,,,,,,0.0579,,,,,,,,,,,,,,,,,,,,,,,0.0751,,,,,,,,0.1115,,,,,,,,,,,,,,,,,,,,,,,,,0.2706,,,,,,,,,,,,,,,,,,,,,,,,,,,,,,,,,,,,,,,,,,,,,,,,,,,,,,,,,,,,,,,,,,,,,,,,,,,,,,,,,,,,,,,,0.0637,,,,,,,,,,,,,,,,,,,,,,,,,,,,,,,,,,,,,,,,,,,,,,,,,,,,,,,,,,,,,,,,,,,,,,,,,,,,,,0.0185,,,,,,,,,,,,,,,,,,,,,,,,,,,,,,,,,,,,,,,,,,,,,,,,,,,,,,,,,,,,,,,,,,,,,,,,,,,,,,
A,LEU,57,,,,,,,,,,,,,,,,,,,,,,,,,,,,,,,,,,,,,,,,,,,,,,,,,,,,,,,,,,,,,,,,,,,,,,,,,,,,,,,,,,,,,,,,,,,,,,,,,,,,,,,,,,,,,,,,,,,,,,,,,,,,,,,,,,,,,,,,,,,,,,,,,,,,,,,,,,,,,,,,,,,,,,,,,,,,,,,,,,,,,,,,,,,,,,,,,,,,,,,,,,,,,,,,,,,,,,,,,,,,,,,,,,,,,,,,,,,,,,,,,,,,,,,,,,,,,,,,,,,,,,,,,,,,,,,,,,,,,,,,,,,,,,,,,,,,,,,,,,,,,,,,,,,,,,,,,,,,,,,,,,,,,,,,,,,
A,CYS,85,,,,,,,,,,,,,,,,,,,,,,,,,,,,,,,,,,,,,,,,,,,,,,,,,,,,,,,,,,,,,,,,,,,,,,,,,,,,,,,,,,,,,,,,,,,,,,,,,,,,,,,,,,,,,,,,,,,,,,,,,,,,,,,,,,,,,,,,,,,,,,,,,,,,,,,,,,,,,,,,,,,,,,,,,,,,,,,,,,,,,,,,,,,,,,,,,,,,,,,,,,,,,,,,,,,,,,,,,,,,,,,,,,,,,,,,,,,,,,,,,,,,,,,,,,,,,,,,,,,,,,,,,,,,,,,,,,,,,,,,,,,,,,,,,,,,,,,,,,,,,,,,,,,,,,,,,,,,,,,,,,,,,,,,,,,
A,CYS,117,,,,,,,,,,,,,,,,,,,,,,,,,,,,,,,,,,,,,,,,,,,,,,,,,,,,,,,,,,,,,,,,,,,,,,,,,,,,,,,,,,,,,,,,,,,,,,,,,,,,,,,,,,,,,,,,,,,,,,,,,,,,,,,,,,,,,,,,,,,,,,,,,,,,,,,,,,,,,,,,,,,,,,,,,,,,,,,,,,,,,,,,,,,,,,,,,,,,,,,,,,,,,,,,,,,,,,,,,,,,,,,,,,,,,,,,,,,,,,,,,,,,,,,,,,,,,,,,,,,,,,,,,,,,,,,,,,,,,,,,,,,,,,,,,,,,,,,,,,,,,,,,,,,,,,,,,,,,,,,,,,,,,,,,,,,
A,TYR,118,,,,,,,,,,,,,,,,,,,,,,,,,,,,,,,,,,,,,,,,,,,,,,,,,,,,,,,,,,,,,,,,,,,,,,,,,,,,,,,,,,,,,,,,,,,,,,,,,,,,,,,,,,,,,,,,,,,,,,,,,,,,,,,,,,,,,,,,,,,,,,,,,,,,,,,,,,,,,,,,,,,,,,,,,,,,,,,,,,,,,,,,,,,,,,,,,,,,,,,,,,,,,,,,,,,,,,,,,,,,,,,,,,,,,,,,,,,,,,,,,,,,,,,,,,,,,,,,,,,,,,,,,,,,,,,,,,,,,,,,,,,,,,,,,,,,,,,,,,,,,,,,,,,,,,,,,,,,,,,,,,,,,,,,,,,
A,ASN,119,,,,,,,,,,,,,,,,,,,,,,,,,,,,,,,,,,,,,,,,,,,,,,,,,,,,,,,,,,,,,,,,,,,,,,,,,,,,,,,,,,,,,,,,,,,,,,,,,,,,,,,,,,,,,,,,,,,,,,,,,,,,,,,,,,,,,,,,,,,,,,,,,,,,,,,,,,,,,,,,,,,,,,,,,,,,,,,,,,,,,,,,,,,,,,,,,,,,,,,,,,,,,,,,,,,,,,,,,,,,,,,,,,,,,,,,,,,,,,,,,,,,,,,,,,,,,,,,,,,,,,,,,,,,,,,,,,,,,,,,,,,,,,,,,,,,,,,,,,,,,,,,,,,,,,,,,,,,,,,,,,,,,,,,,,,
A,GLY,138,,,,,,,,,,,,,,,,,,,,,,,,,,,,,,,,,,,,,,,,,,,,,,,,,,,,,,,,,,,,,,,,,,,,,,,,,,,,,,,,,,,,,,,,,,,,,,,,,,,,,,,,,,,,,,,,,,,,,,,,,,,,,,,,,,,,,,,,,,,,,,,,,,,,,,,,,,,,,,,,,,,,,,,,,,,,,,,,,,,,,,,,,,,,,,,,,,,,,,,,,,,,,,,,,,,,,,,,,,,,,,,,,,,,,,,,,,,,,,,,,,,,,,,,,,,,,,,,,,,,,,,,,,,,,,,,,,,,,,,,,,,,,,,,,,,,,,,,,,,,,,,,,,,,,,,,,,,,,,,,,,,,,,,,,,,
A,SER,139,,,,,,,,,,,,,,,,,,,,,,,,,,,,,,,,,,,,,,,,,,,,,,,,,,,,,,,,,,,,,,,,,,,,,,,,,,,,,,,,,,,,,,,,,,,,,,,,,,,,,,,,,,,,,,,,,,,,,,,,,,,,,,,,,,,,,,,,,,,,,,,,,,,,,,,,,,,,,,,,,,,,,,,,,,,,,,,,,,,,,,,,,,,,,,,,,,,,,,,,,,,,,,,,,,,,,,,,,,,,,,,,,,,,,,,,,,,,,,,,,,,,,,,,,,,,,,,,,,,,,,,,,,,,,,,,,,,,,,,,,,,,,,,,,,,,,,,,,,,,,,,,,,,,,,,,,,,,,,,,,,,,,,,,,,,
A,PHE,140,,,,,0.3036,,,0.1549,0.0186,,,,0.1644,0.0156,,0.0765,,0.0004,0.0127,0.0469,0.1822,0.0027,,0.2227,,0.3180,,0.2068,,0.0568,,,,,0.0471,,,0.0538,0.0130,0.1232,0.3175,,,,0.1024,0.2692,0.1469,,0.2050,0.0007,0.2148,,0.0973,,,0.0207,0.3771,,,,0.1435,,,,,0.2629,,,0.2086,,,,0.2826,,,,0.0547,,,,0.1152,,0.0676,,0.0322,,0.0034,,0.0061,,,0.1271,0.0020,0.0606,,,,,0.1057,0.0100,,,0.3638,,0.0001,,,,,,,,,,0.0998,,,,,0.1878,,,,,,,,,,,,,,,,,,0.1529,,,,,,,,,,,,,,,0.3662,0.1320,,,,0.0880,,,,0.0142,,,,,,,,,0.1807,0.0311,,,,,,,,,0.1126,0.0221,,0.0210,0.3492,0.0039,,,,,,,,,0.2464,,0.0803,0.0239,,,,0.1586,,,0.1147,,,,,,,,,0.1271,,,,0.0695,,,,0.0144,,,,,,0.1032,,,,,,,0.0658,,0.0389,0.0757,,,,,,,,,,,0.2071,,,0.2114,,0.2256,,,,,,,0.7210,,,,,,,0.0360,,,,0.0121,,,,,,,,,0.0506,,,,,0.1000,,,,,,,,,0.0009,,,,,,,0.0052,,,,,,,,,,,,,,,,,,,,,,,,,,,,,
A,LEU,141,0.1928,0.1946,0.0177,0.2529,0.5473,0.2184,0.2580,,0.2794,0.0821,0.0581,0.1014,0.1398,0.0239,,0.0349,0.5756,0.1492,0.0327,0.1618,0.2166,0.3002,,0.3847,0.1191,0.3617,0.4348,0.0309,0.0092,0.0989,,,0.1705,,0.1598,0.4724,0.1259,0.0265,0.2360,0.2997,0.2515,0.0659,,0.0349,0.0969,,0.6300,0.1376,0.3701,0.0001,,0.0311,0.5059,,,0.0692,0.0780,0.0265,0.0534,0.2712,0.1549,,,0.1967,0.3358,0.0293,0.0415,,0.0622,0.0145,0.4021,,0.0284,,,,0.0456,0.0396,0.0600,,,,0.0876,,,,0.0088,,0.0266,,0.1198,0.2440,0.0420,0.0850,,,0.3299,,0.2751,0.0042,,,,0.3325,0.2693,0.0492,,0.0902,0.0177,0.1486,,0.3140,,0.1526,0.0661,,,,,0.0227,0.2029,0.1388,0.2168,,0.6151,0.5365,0.0410,0.2079,0.1133,0.3263,,0.5818,,0.2725,,,,0.0112,,,,,,,,0.4754,0.3184,,0.0026,,0.4830,,0.0123,0.0550,,,0.0147,0.0031,,,,0.0075,,0.5018,,,,,,,0.0810,0.0025,0.0177,,,,0.0359,0.0673,,,0.0867,0.0365,,0.0270,,0.0543,0.2027,,0.0415,,0.3082,,,,0.0284,,0.0826,0.0048,,,,0.0293,,,0.1355,0.0136,,0.0930,,0.0248,0.0321,,,0.2289,,,,0.0909,,,,,,0.0242,,0.4633,,0.4641,,,,0.0189,,0.2743,0.5536,,0.0810,0.0309,,,,,,0.0895,,,,,0.1078,,0.0283,0.3441,,0.1058,,,,,,,0.3113,,0.0696,,,,,0.0015,,,0.0902,0.0374,,,,,,,,,0.4945,,,,,0.0481,,,,,,,,,0.3073,,,0.1572,,0.0973,,0.3419,,,,,0.1314,,,0.0023,,,,,,0.0188,,,,,,,,,,,1.5592,,,,
A,ASN,142,0.0821,0.0205,,,0.0510,0.0126,0.0755,0.0001,0.0120,0.1222,0.0262,0.1140,,0.0601,0.1034,,0.0659,0.0141,0.1690,0.0177,,0.0081,,0.0061,0.1573,0.0381,0.0355,0.2220,0.0020,0.0827,,,0.0632,,,0.0293,0.0439,,0.1672,0.0151,0.1721,0.0104,,0.0133,0.0121,,,0.0279,0.0347,,,,,,0.0294,,,0.0139,,,0.1908,,0.0395,0.0349,,,0.0421,0.0582,,0.0323,,,,,,0.0152,,0.2607,0.1852,,,,,,,,0.0513,,0.0025,0.0386,0.3359,0.0772,,,,,,,0.0406,,0.0173,0.0056,0.0087,,0.0193,0.0383,0.3248,0.0583,0.0061,0.0014,,0.2719,0.0331,,0.2702,0.0457,,0.2858,,0.0941,0.0075,0.0245,0.3665,,0.0023,0.0884,0.0057,0.0025,0.0066,0.0555,0.6481,0.2016,0.1133,0.1000,0.0209,,,,0.2192,,,0.0014,0.2351,,,0.0176,0.0024,0.1051,,,0.0099,0.0009,,0.2808,,,0.0010,,0.0077,,0.0487,0.2384,0.1418,0.1132,0.0721,,0.0771,0.0023,0.0173,0.0016,0.0888,,0.0051,0.0003,,0.0059,,0.1388,,0.0064,0.3602,0.0001,,0.0189,,0.0318,0.2868,0.0745,0.4687,0.3703,0.8093,,0.1455,,,,0.0154,,,0.2581,,,0.1009,,0.4707,,,0.0453,,0.0811,0.1455,,,0.1364,,,,,0.2657,,0.1776,,,0.5419,0.0865,,0.5838,,0.3054,0.2989,0.1388,,0.5423,0.0401,,,,0.1363,,,0.0256,0.1236,0.1004,0.2936,,0.2866,,0.0123,,,0.3177,0.6302,0.0186,,,0.0502,0.3797,,,0.1183,,0.0196,0.3518,0.4930,0.0172,0.0001,0.2594,0.1999,0.0324,0.0712,,,0.0188,,,,,0.0248,,0.0999,0.0534,0.2403,,0.0003,0.0055,0.2833,,0.1860,0.2663,0.0341,,,0.0991,,0.4271,,,0.0525,,,,0.1830,,,0.5203,,0.0646,,,0.1713,,0.6056,0.0001,0.0010,,0.1288,,,0.1154,0.0077,,0.0381,,0.0233,,0.0514,1.3427,0.0811,0.1308,,0.6431
A,GLY,143,0.2849,0.3327,0.5339,0.0426,0.1308,0.2080,0.5011,,0.0005,0.2486,,0.1683,,0.2340,0.1917,,0.3374,0.0446,0.2711,0.0060,,0.5278,0.2624,0.0751,0.1108,0.2470,0.0210,,0.0091,0.5663,0.0767,,0.2834,,,0.0648,0.0472,,0.0795,0.2941,,0.2817,,,,,0.2102,0.2195,,,,,,,,,0.0011,,0.2461,0.1370,,,,0.1590,0.0795,,,0.1887,,,0.1819,0.0160,,0.3629,,0.0704,,,0.2003,,0.0942,0.1939,,,,,,,,0.0066,,,,,,,0.0352,,0.1612,,0.2782,0.5234,,0.0172,0.0865,0.0258,,0.4667,0.4919,0.0707,0.0140,0.3205,,,,,,0.0013,,,,0.0257,,,0.1535,0.0034,,0.2229,,0.5192,0.1212,0.0086,,0.0495,0.0359,,,0.1711,,,,0.0997,0.0876,,,0.0234,,,,0.0688,0.5693,,,,0.0270,,,,,,0.1900,,,,,,0.0717,,,,,,0.5207,0.4723,,,,,0.1685,,,0.3222,,,,,0.3107,,,,0.0430,,,,,,,,0.1579,,0.1862,,0.1516,0.1777,,0.2059,,0.1591,,,,,,,,,,,,,0.0184,,0.0282,,0.0036,0.0260,0.3258,,,,0.5201,,,0.0206,0.0071,,,,0.1591,,0.2278,,,,,,,0.1801,,,0.1010,0.5148,,0.0039,,,0.2433,,0.2148,0.0466,,0.3359,0.3184,0.2787,0.4542,,0.2028,,0.4832,0.0508,,,0.0031,,,,,,,0.5047,,,,0.0053,,,,,0.0636,0.2148,,,,,,,,0.0011,,,,0.0154,,0.0756,,0.0409,,,,0.4311,,0.1609,,,,,,,0.9784,0.0034,,0.0787,,,0.0657,0.3818,,,,,
A,SER,144,0.3339,0.2087,0.2343,0.3532,0.1395,0.3020,0.1432,,0.4539,0.2343,,0.0138,0.1717,0.0304,,0.0227,0.8056,0.0687,,,0.1992,0.3414,,0.1962,0.1440,0.1318,0.3981,0.2469,,,,,0.0722,,0.1481,0.3662,0.0643,0.0211,,0.3397,0.3677,0.3339,,,,,0.0235,0.2673,,,,,0.3306,,,0.0201,0.2281,,0.1810,,0.0254,,,0.3767,0.2758,0.1177,,,0.0885,,0.6288,,0.0521,0.1913,,,0.0184,,0.1318,,,,0.1713,,,,,,0.2085,,,0.4177,0.0001,,,,0.2949,,0.3155,,,0.2369,,0.2312,0.0254,,,0.1808,0.2343,0.1285,,,,,0.0505,,,,,0.0002,,,,,0.0017,0.2237,,0.0991,,0.4365,,0.0161,,0.0035,,,,,,,,,,,,0.1967,0.4356,,,,0.0259,,,0.1537,,,,0.0341,,,,,,,,,,,,,,0.0388,0.2343,,,,,0.0521,,,0.2564,,,,,0.0020,0.3020,,,,0.1082,,,,0.1030,,,,,,,0.1177,,,0.0184,,,,,,0.3787,,,,,,,,,,,,,,,0.3625,,0.2533,,,,,,0.3858,0.0519,,0.2379,0.0100,,,,,,0.1109,,,,,0.0072,,,0.0020,,,,,,,,,0.0513,,,,0.0431,,,,0.0532,,0.1254,,,,,,,,,0.0069,,,,,,0.1117,,,,,,,,,,,,0.4872,,,,,,,,,0.0141,,,,,,,,,,,,,,,,,,,,,,,,
A,CYS,145,0.4055,0.2930,0.3564,0.2022,0.2586,0.3704,0.4695,0.0270,0.3882,0.3685,0.0133,0.0041,0.0713,0.0494,0.0366,0.0001,0.1141,0.2258,0.0057,0.1199,0.0634,0.7073,0.2219,0.4190,0.3857,0.1201,0.1890,0.1424,0.0977,0.1553,0.0911,,0.1824,0.0148,0.1198,0.2382,0.0218,0.0102,,0.2796,0.5903,0.4047,0.0945,,0.0472,0.0177,0.0737,0.4199,,0.0031,0.0200,0.0282,0.0125,,0.0101,0.0010,0.1116,0.0056,0.2165,0.0916,0.0180,0.0254,0.0816,0.4447,0.3377,,0.0243,,,,0.4438,0.3608,0.0153,0.4450,0.0014,0.1962,,,0.2653,,0.0012,0.2630,,0.0631,0.0226,0.0286,,,0.0017,0.1147,0.0322,,0.0077,0.0059,0.0703,0.0318,0.1737,0.0656,0.1097,0.0386,0.0210,0.4405,0.0177,0.1719,0.0200,0.0906,0.1474,0.1007,0.2713,0.3573,0.0316,0.0346,0.0611,0.1094,0.0136,0.0483,,,,,0.0758,0.0406,0.0166,,0.0906,0.2076,0.0954,0.0852,0.0174,0.6647,0.0139,0.1411,0.0187,0.0976,0.0103,0.0274,0.0271,0.1213,0.0038,0.0427,0.0015,,0.0242,,,0.1250,0.2479,,0.2090,0.1403,0.3887,,,0.0340,0.0550,0.0006,0.0074,,0.0203,0.0052,0.0901,,,0.0189,,,0.0859,,,,0.0620,0.0011,0.2942,0.4575,,,,,0.1004,0.0759,0.1991,0.0635,0.0274,,0.1097,0.0251,0.4203,0.1498,,,0.3430,0.0272,,,,,,0.0142,0.0057,0.0068,0.0239,,0.0120,,0.0030,0.1794,,0.0049,0.0087,0.0325,0.5329,0.0268,0.0467,0.0085,,0.0012,,,,,0.0713,,0.0814,0.2221,0.3024,0.1406,0.0091,0.0643,0.1711,,0.0995,,,0.3001,0.4841,0.0104,,0.0235,0.0049,0.0009,,0.0602,0.0318,0.0336,,,,0.0945,,,0.0513,0.1342,,0.0738,0.0002,,,,0.0003,,,0.3036,0.2255,0.1988,0.2727,,0.0336,0.0206,0.4306,0.1879,0.0275,,0.0490,,,,,,,0.3964,0.1720,0.0384,0.0028,0.1084,0.0695,0.0054,,,0.0009,,,,0.0025,0.1359,0.1415,,0.0120,0.7610,,,,0.0202,,,0.3204,0.0231,0.1740,,,0.0340,,0.4738,,,,0.4803,,,0.4882,0.1099,,0.0009,,,0.0955,0.0463,0.2904,,,,0.2607
A,GLY,146,,,,,,,,,,,,,,,,,,,,,,,,,,,,,,,,,,,,,,,,,,,,,,,,,,,,,,,,,,,,,,,,,,,,,,,,,,,,,,,,,,,,,,,,,,,,,,,,,,,,,,,,,,,,,,,,,,,,,,,,,,,,,,,,,,,,,,,,,,,,,,,,,,,,,,,,,,,,,,,,,,,,,,,,,,,,,,,,,,,,,,,,,,,,,,,,,,,,,,,,,,,,,,,,,,,,,,,,,,,,,,,,,,,,,,,,,,,,,,,,,,,,,,,,,,,,,,,,,,,,,,,,,,,,,,,,,,,,,,,,,,,,,,,,,,,,,,,,,,,,,,,,,,,,,,,,,,,,,,,,,,,,,,,,,,,
A,SER,147,,,,,,,,,,,,,,,,,,,,,,,,,,,,,,,,,,,,,,,,,,,,,,,,,,,,,,,,,,,,,,,,,,,,,,,,,,,,,,,,,,,,,,,,,,,,,,,,,,,,,,,,,,,,,,,,,,,,,,,,,,,,,,,,,,,,,,,,,,,,,,,,,,,,,,,,,,,,,,,,,,,,,,,,,,,,,,,,,,,,,,,,,,,,,,,,,,,,,,,,,,,,,,,,,,,,,,,,,,,,,,,,,,,,,,,,,,,,,,,,,,,,,,,,,,,,,,,,,,,,,,,,,,,,,,,,,,,,,,,,,,,,,,,,,,,,,,,,,,,,,,,,,,,,,,,,,,,,,,,,,,,,,,,,,,,
A,TYR,161,,,,,,,,,,,,,,,,,,,,,,,,,,,,,,,,,,,,,,,,,,,,,,,,,,,,,,,,,,,,,,,,,,,,,,,,,,,,,,,,,,,,,,,,,,,,,,,,,,,,,,,,,,,,,,,,,,,,,,,,,,,,,,,,,,,,,,,,,,,,,,,,,,,,,,,,,,,,,,,,,,,,,,,,,,,,,,,,,,,,,,,,,,,,,,,,,,,,,,,,,,,,,,,,,,,,,,,,,,,,,,,,,,,,,,,,,,,,,,,,,,,,,,,,,,,,,,,,,,,,,,,,,,,,,,,,,,,,,,,,,,,,,,,,,,,,,,,,,,,,,,,,,,,,,,,,,,,,,,,,,,,,,,,,,,,
A,HIS,163,0.0073,0.1547,,0.1386,0.2132,0.1516,0.0701,0.0488,0.1971,0.1074,0.1819,0.1766,0.2947,0.3163,,0.2167,0.0010,0.2397,0.2873,0.3499,0.1744,0.2105,,0.1813,,0.0183,,0.4028,,0.3031,,,0.0771,,0.1660,,0.0672,0.2855,0.2888,0.0689,0.3188,,0.1817,,0.3507,,0.0511,,0.2035,0.2081,,0.1764,0.1595,,,0.3546,0.4220,0.3448,0.0447,,0.1265,,,0.0492,0.0631,0.4183,,,0.2395,0.1216,0.2000,,0.3557,,,,0.2156,0.1688,0.2380,,0.2666,,0.2866,,0.0251,0.1130,0.0062,,0.4978,,,0.3891,0.1705,0.0027,,,0.0648,,0.2838,0.0203,,,,0.0823,0.2023,,,,,0.0137,,,,0.2553,0.2760,,,,,0.3675,0.1790,0.3145,,,0.1674,0.1154,0.1017,0.0066,0.2576,0.1597,,0.1773,,0.3211,,,,0.0588,,0.2274,,,,,,0.1949,0.0242,,,,0.1646,,0.1588,0.1967,,,,0.4100,,,,0.4067,,,,0.1145,,,,,0.2813,0.4487,,,,,,0.1829,,,0.5379,0.0949,,,0.1193,0.0928,,,,,0.1714,,,,0.3912,,,,,,,0.4303,,,0.2367,,,,,,0.1489,0.2405,,0.2492,,,,,,,,,,,,0.1702,,0.0731,,,,,,0.0149,0.1235,,0.3638,0.3322,,,,,,0.4170,,,,,0.0308,,0.3222,0.2921,,0.0050,,,,,,,0.0107,,,,,,,,,,0.0085,0.2198,,,,,,,,,,,,,,0.2716,,,,,,,,,,,,0.1224,,0.0150,,,,,,,0.3148,,,,,,,,,,,,,,,,,,,,,,,,
A,HIS,164,,,,0.4676,,,0.0764,0.4838,0.2788,0.0414,0.0975,,,0.1661,0.0021,,,,0.0967,0.0237,,0.0003,0.4739,,,,0.1225,0.0040,,0.0630,0.0471,0.2450,,0.4282,0.0005,,0.0023,,0.0275,,,,0.0028,,0.0019,0.4032,,,,,0.0240,,,0.1110,0.1970,,,0.3993,,0.0154,,0.1331,0.0009,0.1198,,0.2200,0.0038,0.3621,,0.0212,,,0.0017,,0.2433,0.0313,,,,0.3889,0.0493,,,0.0525,0.0234,0.0893,0.0541,0.0115,,,0.0185,,0.0438,,0.1536,0.1731,,0.0469,,,0.3026,0.0989,0.4529,,,,0.0653,,,,,,0.1913,0.1328,,0.0201,,,,,,,0.0067,0.0019,,,0.0040,,,,0.0196,,,,,,0.0476,,0.0042,0.0438,0.0019,,,0.1018,0.0714,,,,,0.0554,,,,,0.4656,0.0823,0.0001,,0.0027,0.1579,,,,,,,,,,,,,,0.0036,0.0287,,0.0163,,0.1899,,,,0.2927,,0.1106,0.2163,,0.3163,,0.7734,0.0046,0.1807,,0.0787,,,,,0.0450,0.0509,0.0375,,,,,,,,,0.0061,,,,0.0009,,,,,,,0.1065,,,0.1079,0.1724,,,,0.1126,0.0404,0.6702,,0.1037,,,,,,,0.0446,0.5229,,,0.0092,,,,,,,0.0140,0.0035,,,0.0079,,,,0.0886,,0.0010,0.0036,,,,0.0027,0.1670,,,0.0586,,,,,,,,,,,0.0044,,0.0002,,,,,,,0.0359,,,,,0.0566,,0.0005,,,,0.2442,,,0.0036,0.0001,,,,,,,,,,,,,0.0483,,,,,,,,,0.5199,,,,0.5149
A,MET,165,0.2526,0.3396,0.1553,0.0470,0.0358,0.1511,0.0357,0.3677,0.0111,0.3193,0.2093,0.2446,0.1433,0.0089,0.1752,0.2435,0.0763,0.1156,0.2879,0.2115,0.0302,0.1418,0.1676,0.0215,0.2242,0.0053,0.0090,0.0689,0.1831,0.2034,0.0244,0.0373,0.1374,0.3737,0.5548,0.2725,0.1412,0.0918,0.2450,0.0319,,0.0947,0.4212,0.0413,0.0489,0.2071,0.0559,0.3111,0.2177,0.0530,0.0615,0.0272,0.0065,0.2276,0.4035,0.1490,0.0320,0.3596,0.2911,0.1125,0.1562,0.1095,0.2197,0.3977,0.0079,0.2155,0.3594,0.1539,0.0397,0.4236,0.1162,0.3627,0.0677,0.2436,0.2976,0.2135,0.0564,0.2918,0.1235,0.1041,0.0142,0.0660,0.2234,0.3241,0.0041,0.2709,0.0253,0.0885,0.0562,0.0609,0.0291,,0.0533,,0.0846,0.0877,0.2583,0.3013,0.1158,0.2385,0.0208,0.1397,0.1755,0.1175,0.1434,0.1530,0.2417,0.0142,0.0100,,0.0875,0.0388,0.1768,0.2222,0.0491,0.1915,0.2898,0.1430,0.3323,,0.0602,0.0244,0.0114,0.2209,0.2653,0.2128,0.0477,0.2844,0.0764,0.0035,0.0020,,0.2011,,0.1231,0.0532,0.0837,0.0003,0.0009,0.0112,0.0620,0.1555,0.1124,0.0478,0.0417,,0.0577,0.1197,,0.0308,0.0443,0.0484,0.0143,,0.0832,0.3842,0.0851,0.0064,,0.0372,0.0599,,0.3168,,0.0386,0.0001,0.0328,0.0420,0.3883,0.1646,0.0723,0.3098,,0.1056,0.1988,0.1581,0.4195,,0.0290,0.0009,,0.0055,0.0409,0.0270,0.1303,0.0015,,1.0827,0.0754,0.2257,,0.2822,0.0289,0.1938,,0.2221,0.0326,0.0050,0.0785,,0.0149,,,0.0246,,,0.0050,0.2480,0.0598,,0.0012,0.0160,0.0100,0.1341,0.1514,,0.1829,0.0405,0.1994,0.1110,0.1064,0.0787,0.0440,0.0218,0.2418,0.1332,0.2690,,0.1731,,0.0121,,0.0333,,0.1545,0.1061,,0.0007,0.0003,0.0140,,0.0717,,,0.1402,0.0121,0.2262,,,,0.4115,0.1672,0.0978,,0.0047,0.1348,,0.1331,0.1918,0.0759,,0.1100,,,0.0868,0.1745,0.0586,,,0.0243,0.0369,,0.0032,0.0811,0.1462,0.0739,0.3007,0.0178,0.0319,,,0.0429,0.3317,,0.0004,,0.0859,,,0.3467,0.0111,0.1926,,0.0461,0.3028,0.2933,0.0418,,0.2090,0.0206,0.4119,0.0009,0.0364,0.2638,,,0.0330,,0.0215,,0.1251,,,0.0089,0.0095,0.3178,,0.1019,,,,,,,0.0264,,0.0019,0.0384,,,0.0054
A,GLU,166,1.0707,0.0804,0.6791,,0.2069,0.0975,,0.2463,0.1734,0.3708,0.0406,0.4509,0.6769,0.0843,0.3902,0.6589,0.2879,0.6468,0.0500,0.1691,0.1743,0.2504,0.0157,0.2787,0.8595,0.3559,0.1751,0.3031,0.2155,0.1308,0.1929,0.3646,0.3543,,0.8946,0.1879,0.0251,0.4784,0.1148,0.6076,0.8385,0.2571,0.2429,0.7587,0.1245,0.6517,0.5453,0.1362,0.1624,0.5618,0.3838,0.5784,0.3169,0.1374,0.0091,0.4213,0.0236,0.0039,0.5402,0.1108,0.1797,0.4157,0.0881,0.0757,0.4140,0.5554,0.2247,0.3669,0.1747,0.4892,0.8966,0.5190,0.3863,0.0529,0.0850,,0.3758,0.0487,0.5685,0.0210,0.1926,0.4581,0.0423,0.2954,0.0234,0.0259,0.2257,0.7097,0.2199,0.0020,0.0053,0.2869,0.6118,0.7978,0.6357,0.4107,0.3345,,0.7527,0.0571,0.0642,0.0003,0.4672,0.7945,0.2572,0.4068,0.0267,0.1419,0.5791,0.1741,0.0929,0.0364,0.0121,0.0213,0.2713,0.1309,0.3475,0.3085,0.1249,0.2546,0.3139,0.2605,0.0585,0.4675,0.1962,0.2472,0.0975,0.5449,0.5492,0.3363,0.2667,0.0284,0.0030,0.1451,,0.4274,,0.5846,0.7151,0.7442,0.0653,,0.4889,0.6947,0.0444,0.4745,0.4426,0.0573,0.1333,0.1892,0.4041,0.1909,0.0959,0.1139,0.1313,0.7541,0.3756,0.1554,0.0413,0.0550,0.6171,0.1492,,0.0923,0.3191,0.5845,0.4990,0.4995,0.7710,0.4487,0.2800,0.8323,0.5788,0.4039,0.3031,0.6079,0.9261,0.4912,0.0581,0.4706,0.5008,0.0573,0.2488,0.3999,0.3002,0.3078,,0.1659,0.3389,0.3386,0.1127,0.2536,0.3847,0.1996,0.1824,0.4152,0.1564,0.5527,0.5195,0.1744,0.1951,0.3617,0.3650,0.0017,0.1923,0.2784,0.5203,0.3875,,0.6957,0.2598,0.2679,0.6349,0.2687,0.3965,0.2463,0.1418,0.1563,0.6277,0.1735,0.1387,0.4681,0.1703,0.3850,,1.1045,,0.3111,0.1275,0.0087,0.2965,0.5528,0.0987,0.0904,0.8553,,0.4529,0.2157,,0.1115,,0.0157,0.6508,0.0090,0.3778,0.8895,0.3022,,0.7037,0.7139,0.2569,1.7782,0.0401,0.7025,0.5374,0.2820,0.0679,0.3076,0.0014,,0.2475,0.4822,0.4693,0.0003,1.0200,0.1812,0.4905,0.1437,,,0.3952,0.3276,0.9230,0.2387,0.0816,0.3455,0.0127,0.1868,0.4294,0.2654,0.0012,0.6687,0.6277,,0.5775,0.5383,0.3144,0.2062,0.4682,0.4505,0.2739,0.3552,0.0110,0.7323,0.5822,0.0051,0.9580,0.1855,0.0621,0.1863,0.0184,0.5038,0.3209,0.9298,0.2165,0.8872,,0.0430,0.6762,,0.1752,0.3096,0.3667,0.3394,0.3449,0.8708,,0.0774,0.0022,0.5748,0.0068,0.0052,0.3751,0.4822,0.8937,0.0012,0.3947,0.1979,0.5884,0.3721,0.5811
A,LEU,167,,,,,,,,,,,,,,,,,,,,,,,,,,,,,,,,,,,,,,,,,,,,,,,,,,,,,,,,,,,0.0440,,,,,,,,0.0015,,,,0.0012,,,,,,,,,0.0002,,,,,,,,,,,,,0.0305,0.2429,,,,,,,,,,,,,,,,,,,,,,,0.0073,,,,,,,0.0176,,,,,,,,,,,,0.0493,,,,,,,,,0.0154,0.3154,,,,,,,,,,,0.0003,,,,,,,,,,,0.0441,,,,0.0004,,,,0.0021,,0.1432,,,,,,,,,,,,,,,,,0.0010,0.1169,,,,,,,0.0061,,0.0968,0.4557,,0.1459,,,,,,,0.0026,,,,0.0245,,,,,,,,,,,,,,,,,,,,,,,,,,,,0.1019,,0.0001,0.0888,,,,,0.0001,,,,,,,,,,0.1215,,,,,,,,,,,,,0.3012,,,,,,,,,,,,,,0.0713,,,,,,,,,0.0232,,0.0576,,0.0135,,,,,,,0.0167,,,,,,,,,,,,,,,,,,,
A,PRO,168,,,,,,,,,,,,,,,,,,,,,,,,,,,,,,,,0.0879,,,0.0406,,,0.1283,,,,,,0.0742,,,,0.0110,,0.0237,0.0060,0.0787,,0.0144,,0.0852,,,0.0585,,,0.0510,,,,,,,0.0585,0.0310,0.0170,,,,,,,,,0.0335,,0.0356,,,,,,0.0444,,,,,0.1352,0.0859,0.0946,0.1738,0.1827,0.0083,,,,,,0.0791,,,,,,,,,0.0089,0.0275,,,0.0349,,0.0003,0.0330,0.0135,,,0.0563,,,,,,,,,,,,0.1360,,,0.1258,,,,0.0122,,0.1746,0.1521,,,,0.0007,,,,0.0184,,,0.0070,,,0.0998,0.0312,,0.0026,,0.0074,0.4156,0.0353,0.0409,0.1229,0.0393,0.0422,0.1673,,0.0709,0.0152,0.0538,0.3762,0.0830,0.0406,0.2453,,,,0.0003,,,,0.0748,,,,0.0004,0.0146,0.0152,0.1020,0.0343,0.1227,,,0.0114,,0.0012,0.0046,0.0465,0.0026,,0.0223,0.0245,0.0007,0.0099,0.0900,0.0014,0.0516,,0.0106,0.0393,0.0073,,0.1268,0.1430,,0.0525,,0.0094,,0.0518,,,,,,0.0388,0.0079,0.0512,,0.1688,0.0021,0.0072,,0.0507,,,0.0324,,0.0819,0.0004,0.1125,,0.1195,0.0301,,,,,0.0545,0.1002,,0.0709,,,,,,,0.0131,,,,,,,0.0130,,,,0.0723,0.0412,0.1299,0.0033,,,,,,,,0.0432,,,,,0.1972,0.0268,0.0937,,0.0130,,0.0596,,0.1231,0.3630,,,,0.1425,0.1109,0.0026,0.2515,0.0607,,0.0139,,0.2360,0.1832,0.1014,0.3535,0.1042,0.0311,,,0.0459,,,0.0939,,,,0.0056,0.4225,2.3179,
A,THR,169,,,,,,,,,,,,,,,,,,,,,,,,,,,,,,,,,,,,,,,,,,,,,,,,,,,,,,,,,,,,,,,,,,,,,,,,,,,,,,,,,,,,,,,,,,,,,,,,,,,,,,,,,,,,,,,,,,,,,,,,,,,,,,,,,,,,,,,,,,,,,,,,,,,,,,,,,,,,,,,,,,,,,,,,,,,,,,,,,,,,,,,,,,,,,,,,,,,,,,,,,,,,,,,,,,,,,,,,,,,,,,,,,,,,,,,,,,,,,,,,,,,,,,,,,,,,,,,,,,,,,,,,,,,,,,,,,,,,,,,,,,,,,,,,,,,,,,,,,,,,,,,,,,,,,,,,,,,,,,,,,,,,,,,,,,,
A,GLY,170,,,,,,,,,,,,,,,,,,,,,,,,,,,,,,,,,,,,,,,,,,,,,,,,,,,,,,,,,,,,,,,,,,,,,,,,,,,,,,,,,,,,,,,,,,,,,,,,,,,,,,,,,,,,,,,,,,,,,,,,,,,,,,,,,,,,,,,,,,,,,,,,,,,,,,,,,,,,,,,,,,,,,,,,,,,,,,,,,,,,,,,,,,,,,,,,,,,,,,,,,,,,,,,,,,,,,,,,,,,,,,,,,,,,,,,,,,,,,,,,,,,,,,,,,,,,,,,,,,,,,,,,,,,,,,,,,,,,,,,,,,,,,,,,,,,,,,,,,,,,,,,,,,,,,,,,,,,,,,,,,,,,,,,,,,,
A,VAL,171,,,,,,,,,,,,,,,,,,,,,,,,,,,,,,,,,,,,,,,,,,,,,,,,,,,,,,,,,,,,,,,,,,,,,,,,,,,,,,,,,,,,,,,,,,,,,,,,,,,,,,,,,,,,,,,,,,,,,,,,,,,,,,,,,,,,,,,,,,,,,,,,,,,,,,,,,,,,,,,,,,,,,,,,,,,,,,,,,,,,,,,,,,,,,,,,,,,,,,,,,,,,,,,,,,,,,,,,,,,,,,,,,,,,,,,,,,,,,,,,,,,,,,,,,,,,,,,,,,,,,,,,,,,,,,,,,,,,,,,,,,,,,,,,,,,,,,,,,,,,,,,,,,,,,,,,,,,,,,,,,,,,,,,,,,,
A,HIS,172,,,,,,,,,,,,,,,,,,0.0023,,,,,,,,,,,,,,,,,,,,,,,,,,,,0.0807,,,,,,,,,,,,,,,0.0854,,,,,,,,,,,,,,,,,,,,,,,,,,,,,,,,,,,,,,,,,,0.0472,,,,,,,,,,,,,,,,,,,,,,,,,,0.0001,,,,,,,,,,,,,,,,,,,,,,,,,,,,,,,,,,,,,,,,,,0.0573,,,,,,,,,,,,,,,,,,,,,,,,,,,,,,,,,,,,,,,,,,,0.0371,,,,,,,,,,,,,,,,,,,,,0.0249,,,,,,,,,,,,,,,,,0.2335,,0.0528,,,,,,,,,,,,,,,,,,,,,,,,,,,,,,,,,,,,,,,,,,,,,,,,,,,,,,,,,,,,,,,,,,,,,,,,,,,,,
A,ALA,173,,,,,,,,,,,,,,,,,,,,,,,,,,,,,,,,,,,,,,,,,,,,,,,,,,,,,,,,,,,,,,,,,,,,,,,,,,,,,,,,,,,,,,,,,,,,,,,,,,,,,,,,,,,,,,,,,,,,,,,,,,,,,,,,,,,,,,,,,,,,,,,,,,,,,,,,,,,,,,,,,,,,,,,,,,,,,,,,,,,,,,,,,,,,,,,,,,,,,,,,,,,,,,,,,,,,,,,,,,,,,,,,,,,,,,,,,,,,,,,,,,,,,,,,,,,,,,,,,,,,,,,,,,,,,,,,,,,,,,,,,,,,,,,,,,,,,,,,,,,,,,,,,,,,,,,,,,,,,,,,,,,,,,,,,,,
A,PHE,181,,,,,,,,,,,,,,,,,,,,,,,,,,,,,,,,,,,,,,,,,,,,,,,,,,,,,,,,,,,,,,,,,,,,,,,,,,,,,,,,,,,,,,,,,,,,,,,,,,,,,,,,,,,,,,,,,,,,,,,,,,,,,,,,,,,,,,,,,,,,,,,,,,,,,,,,,,,,,,,,,,,,,,,,,,,,,,,,,,,,,,,,,,,,,,,,,,,,,,,,,,,,,,,,,,,,,,,,,,,,,,,,,,,,,,,,,,,,,,,,,,,,,,,,,,,,,,,,,,,,,,,,,,,,,,,,,,,,,,,,,,,,,,,,,,,,,,,,,,,,,,,,,,,,,,,,,,,,,,,,,,,,,,,,,,,
A,PHE,185,,,,,,,,,,,,,,,,,,,,,,,,,,,,,,,,,,,,,,,,,,,,,,,,,,,,,,,,,,,,,,,,,,,,,,,,,,,,,,,,,,,,,,,,,,,,,,,,,,,,,,,,,,,,,,,,,,,,,,,,,,,,,,,,,,,,,,,,,,,,,,,,,,,,,,,,,,,,,,,,,,,,,,,,,,,,,,,,,,,,,,,,,,,,,,,,,,,,,,,,,,,,,,,,,,,,,,,,,,,,,,,,,,,,,,,,,,,,,,,,,,,,,,,,,,,,,,,,,,,,,,,,,,,,,,,,,,,,,,,,,,,,,,,,,,,,,,,,,,,,,,,,,,,,,,,,,,,,,,,,,,,,,,,,,,,
A,VAL,186,,,,,,,,,,,,,,,,,,,,,,,,,,,,,,,,,,,,,,,,,,,,,,,,,,,,,,,,,,,,,,,,,,,,,,,,,,,,,,,,,,,,,,,,,,,,,,,,,,,,,,,,,,,,,,,,,,,,,,,,,,,,,,,,,,,,,,,,,,,,,,,,,,,,,,,,,,,,,,,,,,,,,,,,,,,,,,,,,,,,,,,,,,,,,,,,,,,,,,,,,,,,,,,,,,,,,,,,,,,,,,,,,,,,,,,,,,,,,,,,,,,,,,,,,,,,,,,,,,,,,,,,,,,,,,,,,,,,,,,,,,,,,,,,,,,,,,,,,,,,,,,,,,,,,,,,,,,,,,,,,,,,,,,,,,,
A,ASP,187,0.0795,0.0003,0.0959,0.0923,,,0.1613,0.3460,0.1500,,0.0193,0.0340,0.0094,,0.2078,,,0.0233,,,,,0.0695,,,,0.0341,,,,0.0578,0.1204,,0.0923,0.0863,0.0064,0.0647,,,,,,,,,0.0092,,,,,,,,0.3129,0.1381,,,,,0.0193,,0.0590,0.0026,,,0.0187,,,,,,0.0053,,,,,,0.0121,,,,,,0.2279,,,0.1382,0.1046,,,,,,,,,,,,,,,0.0353,,,,,,,,0.0973,,0.0971,,,,,0.0496,,,,,,,,,,,,,,,0.0332,,,,,,,,,,,,,,,,,,,0.0009,,,,,,,,,,,0.0355,,0.0089,,,,,,,,,,0.1426,,,,,,,,,,,,,,,,,,,,,,,,,,,,,,,,,,,,,,,,,,,,,,,,,,,,,,,,,,,,,,,,,,,,,,,,,,,,,,0.9430,,,,,,,,,,,,,,,,,,,,,,0.0246,,0.0121,,,,,,,,,,,,,,,,,,,0.0238,,,,,,,,,,,,,,,,,,,,,,,,,,,,,,,0.0789,,,,
A,ARG,188,0.0378,0.0053,0.0505,0.0798,,0.0045,,0.0635,0.0464,0.0987,0.0067,0.0108,0.0342,,0.0060,0.0227,,0.1079,0.2256,,,,0.0473,,0.2817,,0.1611,,,0.2455,0.0161,0.3597,0.0178,0.0798,0.0908,0.0636,,0.3357,0.0126,,,,0.2719,0.3446,,0.0610,,,0.1650,0.2526,,0.4267,,0.3930,0.0685,0.3417,,,,0.0728,0.0630,0.0410,0.0953,,,,0.0339,,0.0224,0.3446,,0.1573,,0.0619,0.1951,,0.3292,0.0898,,,,,0.0055,0.0738,,0.1809,0.0191,0.0037,0.0043,,,,,0.1449,0.0042,,,0.3445,,,,,0.0349,,,,0.0196,0.0189,,,0.2042,,0.0344,0.1142,0.0635,,0.0225,0.0608,0.3272,,,,,,,,,,,,,,0.2809,,,,,,,0.1124,,0.0011,,,,,,0.0068,,,,0.0161,,,,,,,,,,0.0256,0.3661,,,,,,,0.0290,,,,,,,,,,,,,,,,,,0.0012,,0.0117,,,,,,,,,,,,,,,,,,,,,,,,,0.0115,,0.1543,,,,,0.0329,,,,,0.0014,,,,,,,,,,,,,,,,,,,0.0261,,,,,,,0.7258,,,0.0042,,,,,,,,,,,,,,,,,,,0.0909,,0.0536,0.0010,,,,,,,,,0.0413,,,,,,,,,0.1042,,,,,,,,,,,,0.0224,,,,,,,,,,,,,,,,,,,1.7434,,,,
A,GLN,189,0.1150,0.2306,0.1165,0.1403,0.0032,0.1439,0.0370,0.2072,0.0782,0.0050,0.0994,0.2579,0.1343,0.2398,,0.1114,0.0183,0.2509,0.1635,0.2364,0.0543,0.0384,0.1028,0.0001,0.1347,,0.1343,0.0225,0.0324,0.1631,0.0010,0.1901,0.0194,0.2445,0.3519,0.1315,0.1613,0.0009,0.5673,0.0250,,0.1156,0.1283,,0.0935,0.2438,0.0136,0.1227,0.0038,0.0174,0.0043,0.0075,0.0108,0.2144,0.0590,0.0007,0.3650,0.2706,0.0473,0.1756,0.0443,0.2449,0.1938,0.4464,0.2683,0.0719,0.1187,0.0085,0.1721,0.0872,0.0364,0.1333,0.2651,0.1212,0.3016,0.4135,0.0222,0.3551,0.1418,0.2062,0.3400,0.0797,0.1849,0.5650,0.2315,0.1383,0.0274,0.0003,0.0466,0.2151,0.0133,0.0307,0.1018,0.0330,0.0873,0.1198,0.3858,0.1125,0.0011,0.2549,0.2143,0.0130,0.0874,0.0149,0.3388,0.0086,0.1285,0.1279,0.3187,,0.1922,0.2358,0.0468,0.2843,0.0066,0.0164,0.1592,0.1658,0.2180,,,,0.0069,0.2096,0.0004,0.2187,0.1023,0.5273,0.1286,0.0015,,,0.2892,,0.2523,0.0683,0.3422,0.0528,0.0465,0.2228,0.2486,0.1674,0.0181,0.5637,0.0815,0.0446,0.6312,0.0856,,0.1309,0.0226,0.0280,,0.1457,,0.3153,0.0488,0.0464,0.0722,0.3066,0.1169,0.1092,0.3245,,0.0182,0.2282,0.0004,0.0289,0.0903,0.2005,,0.0044,0.0963,0.0936,0.0016,0.1568,0.0434,0.0078,0.0375,0.2857,0.0038,0.1187,,0.0020,,0.5559,0.0726,0.1784,0.1494,0.1619,0.3670,0.4724,0.2753,0.0680,,0.3958,0.4089,0.3398,0.2336,0.0151,0.2452,0.2807,,0.1027,0.2916,0.1193,0.1225,0.2764,0.0273,0.0109,0.1226,0.1230,,0.0114,0.0438,0.1926,0.1705,0.4512,0.0002,0.1606,,0.1832,0.0031,0.0637,0.5278,,0.1308,0.0799,,0.0288,,,0.3762,0.1947,,0.2499,,,0.3976,0.1955,0.0193,0.2189,,0.0787,0.3505,,0.1849,0.1668,0.0495,,0.0138,0.1174,0.3430,0.0510,0.0099,0.1596,0.0043,0.0119,0.4261,0.0249,0.2595,0.0580,,0.0306,,0.0762,0.0024,0.0575,0.1945,,0.1131,,0.1531,0.2109,0.0584,0.1241,0.5198,0.1921,0.0004,0.0675,,0.0210,0.1318,,,0.3976,0.0572,0.0292,0.3127,0.2128,0.0236,0.3907,0.0476,0.0070,0.1152,0.3117,,,0.4484,0.0546,0.4492,,0.4043,0.0128,0.0621,,0.0639,0.3601,0.0265,0.0782,0.0006,0.4005,0.0214,,,,0.3287,0.3077,0.1067,0.0209,0.1659,,0.4008,0.2896,,,0.9760,0.4476,,,7.3002
A,THR,190,,,,,,,,,,,,,,,,,,,,,,,,,,,,,,,,0.4257,0.0068,,0.0237,,,0.4296,,,,0.1593,0.0013,0.3866,,,,0.1205,0.1078,0.3153,0.0051,0.5760,,0.0083,,0.2239,,,,,,,,,,,,,0.3307,0.3866,0.0294,,,0.2693,0.4168,0.1049,0.0154,,,0.0032,,0.0199,,,,0.1604,,0.1068,0.0408,0.1563,0.0218,,0.3462,,,0.0162,0.3440,0.0811,,,,,,0.0499,0.2251,,,,0.0376,,,,0.0120,,0.0373,,0.3894,,0.6434,0.0345,0.0096,,,,,,0.0765,,,,,,,,0.0631,0.1191,0.0084,,,,,0.0169,0.0002,0.0050,0.0283,0.1059,0.0832,,,0.0523,,,,,,0.4558,,0.1027,,0.0359,0.0380,,0.4279,,,0.0864,0.1719,,0.2967,,,,,,0.0999,,,0.0005,,0.1422,,,,0.0358,,,,,,,,,0.1846,,0.1623,0.3043,0.2631,,,0.0022,,,,0.0018,,,0.0060,,,,0.0154,0.0614,0.0109,,,0.1157,,,0.0001,0.1766,,0.0429,0.1494,0.0278,0.0250,,,,,,,0.1697,0.1446,0.0947,,0.0708,0.0410,,,,,,0.0046,0.0179,,0.0111,0.0043,,,,,,,,,,0.0697,0.2734,,,,,,,,,,,,,0.0311,,,,,0.0881,,,0.0203,,,,,,,,,0.0930,,,0.1136,,,,,,,,,,,,,,,,,0.0693,,,0.0763,,0.0001,,,,0.1003,,0.6186,,0.0046,,0.0352,,,,,,,,
A,ALA,191,,,,,,,,,,,,,,,,,,,,,,,,,,,,,,,,,,,,,,,,,,,,,,,,,,,,,,,,,,,,,,,,,,,,,,,,,,,,,,,,,,,,,,,,,,,,,,,,,,,,,,,,,,,,,,,,,,,,,,,,0.0060,,,,,,,,,,,,,,,,,,,,,,,,,,,,,,,,,,,,,,0.0347,,0.0012,,,,,,,,,,,,,,,,,,,,0.0154,,,,,,,,,,,,,,,,,,,,,,,,,,,,,,,,,,,,,,,,,,,,0.0100,,,,,,,,,,,,,,,,,,,0.0021,,,,,,,,,,,,,,,,,,,,,,,,,,,,,,,,,,,,,,,,,,,,,,,,,,,,,,,,,,,,,,,,,,,,,,,,,,,0.0986,,,,,,,,,,,,,
A,GLN,192,,,,,,,,,,,,,,,,,,,,,,,,,,,,,,,,0.3754,,,,,,0.1693,,,,,,0.2628,,,,,0.0246,0.1287,,0.2120,,,,0.1371,,,,,,,,,,,,,,0.2628,,,,0.1555,0.1175,,0.2052,,,,,,,,,0.1221,,,,,,,,,,,,0.1751,,,,,,,,,,,,,,,,,0.0937,,,,0.2984,,,,,,,,,,,,,,,,,,,,,,,,,,,,,,,,,,,,,,,,,,,,,,,,,,,,,,,,,,,,,,,,,,,,,,,,,,,,,,,,,,,,,,,,,,,,,,,,,,,,,,,,,,,,,,,,,,,,,,,,,,,,,,,0.0543,,,,,,,,,,,,,,,,,,,,,,,,,,,,,,,,,,,,,,,,,,,,,,,,,,,,,,,,,,,,,,,,,,,,,,,,,,,,,,,,,,,,,
A,ALA,193,,,,,,,,,,,,,,,,,,,,,,,,,,,,,,,,,,,,,,,,,,,,,,,,,,,,,,,,,,,,,,,,,,,,,,,,,,,,,,,,,,,,,,,,,,,,,,,,,,,,,,,,,,,,,,,,,,,,,,,,,,,,,,,,,,,,,,,,,,,,,,,,,,,,,,,,,,,,,,,,,,,,,,,,,,,,,,,,,,,,,,,,,,,,,,,,,,,,,,,,,,,,,,,,,,,,,,,,,,,,,,,,,,,,,,,,,,,,,,,,,,,,,,,,,,,,,,,,,,,,,,,,,,,,,,,,,,,,,,,,,,,,,,,,,,,,,,,,,,,,,,,,,,,,,,,,,,,,,,,,,,,,,,,,,,,
A,ALA,194,,,,,,,,,,,,,,,,,,,,,,,,,,,,,,,,,,,,,,,,,,,,,,,,,,,,,,,,,,,,,,,,,,,,,,,,,,,,,,,,,,,,,,,,,,,,,,,,,,,,,,,,,,,,,,,,,,,,,,,,,,,,,,,,,,,,,,,,,,,,,,,,,,,,,,,,,,,,,,,,,,,,,,,,,,,,,,,,,,,,,,,,,,,,,,,,,,,,,,,,,,,,,,,,,,,,,,,,,,,,,,,,,,,,,,,,,,,,,,,,,,,,,,,,,,,,,,,,,,,,,,,,,,,,,,,,,,,,,,,,,,,,,,,,,,,,,,,,,,,,,,,,,,,,,,,,,,,,,,,,,,,,,,,,,,,

Intra-Ligand Free,,,-1.1381,-0.9665,-1.0218,-1.3922,-1.2441,-1.0475,-0.8667,-1.0792,-0.9979,-1.4696,-1.3705,-1.0767,-1.4679,-1.2143,-0.9347,-1.3515,-0.9594,-1.0693,-1.6938,-1.2043,-1.6248,-0.7305,-0.7645,-1.0454,-1.3090,-1.3299,-1.2230,-0.9205,-1.5784,-1.1085,-0.9025,-0.9026,-0.6203,-1.4019,-0.9782,-1.0136,-1.1805,-0.8542,-1.2070,-0.9600,-1.5790,-0.7271,-1.1864,-0.8972,-1.1801,-1.1523,-1.0251,-0.7985,-0.9814,-1.0236,-1.0232,-0.7303,-1.6050,-0.6855,-1.1817,-0.6648,-1.2870,-0.9956,-0.9084,-1.3102,-1.3126,-0.9891,-1.2178,-1.3080,-1.4861,-1.3172,-1.2759,-1.3292,-1.2781,-0.8168,-0.9490,-0.9381,-1.3673,-0.8608,-1.2122,-0.7696,-1.0900,-1.5691,-1.4261,-1.0782,-1.2915,-0.7892,-1.2027,-1.1083,-1.1848,-0.9414,-0.8389,-1.0910,-1.2559,-0.8175,-1.3973,-1.6363,-1.0521,-1.0877,-0.7241,-0.9111,-0.7424,-0.8756,-1.2671,-1.0658,-1.1694,-1.5567,-0.6144,-0.8381,-1.1761,-0.6214,-1.4711,-0.9577,-0.5500,-0.8706,-0.9675,-1.4199,-0.7520,-0.6066,-1.3994,-0.9306,-0.9631,-1.1294,-1.4908,-1.4380,-0.7571,-0.8616,-1.3237,-1.3507,-1.0589,-1.2854,-0.8929,-1.2204,-1.6573,-0.3288,-1.2240,-0.7790,-1.4005,-0.8803,-0.9864,-0.7819,-0.5836,-0.7289,-0.8436,-1.0022,-1.1303,-0.7677,-0.9090,-1.5172,-1.2171,-0.9291,-1.2270,-1.2156,-1.1516,-0.5608,-0.5370,-1.0376,-1.0633,-1.2284,-1.0567,-1.2087,-1.1475,-1.0378,-1.0258,-0.8124,-0.8976,-0.8854,-1.0897,-1.3832,-0.9545,-0.8208,-0.6978,-1.1677,-1.2254,-1.2859,-0.8265,-0.8595,-0.7990,-0.9763,-0.8328,-0.8674,-1.1269,-0.7220,-0.5807,-0.8051,-1.1519,-1.2865,-0.7501,-1.5148,-0.7238,-1.0128,-1.0501,-0.6516,-1.4859,-0.9501,-1.1483,-1.1681,-1.1948,-0.5301,-1.1378,-1.3027,-0.6998,-1.6254,-0.9870,-1.0633,-0.8191,-0.8472,-0.9183,-0.7401,-0.9307,-0.6628,-1.2890,-0.9828,-0.7888,-0.9065,-0.7665,-0.9726,-0.5467,-1.4366,-1.5744,-0.6271,-0.7837,-0.8334,-1.3416,-1.6361,-0.7701,-1.2211,-1.0084,-0.7485,-0.6616,-0.5422,-0.3014,-0.9046,-0.7280,-0.8674,-0.9514,-0.9073,-1.1244,-0.4872,-0.6233,-1.1533,-0.7309,-0.6695,-1.1754,-1.2550,-0.6433,-1.0054,-0.5855,-0.7817,-1.0968,-0.6836,-0.8504,-1.0889,-0.8856,-1.2174,0.3876,-0.6584,-1.2062,-0.9392,-0.8408,-1.2773,-0.3796,-0.9283,-0.6284,-1.5530,-0.3751,-0.8198,-1.0153,-1.0060,-0.5114,-0.9082,-1.1947,-1.2006,-1.4951,-1.3148,-0.8773,-0.8544,-0.4945,-0.6298,-0.8059,-1.0521,-0.7839,-1.1311,-0.9342,-0.8387,-0.8903,-0.8150,-1.1273,-0.5891,-0.8202,-1.0183,-1.1334,-0.6582,-0.8776,-0.6392,-1.0351,-1.1399,-1.0249,-0.8307,-1.1865,-0.7212,-0.6791,-0.4671,-1.4031,-0.6130,-0.9820,-0.1319,-1.0445,-0.5669,-1.1184,-0.6427,-0.4993,-0.9012,-0.4779,-0.4954,-0.9346,-0.6418,-1.0325,-0.9610,-1.0539,-0.7734,-1.1390,-0.3228,-0.4580,-0.7039,-0.9099,-0.5390,-1.1406,-1.0112,0.5511,1.3954,-0.6630,-0.0524,-0.6826,1.3969,2.3451
Inter-Ligand Free,,,-10.5713,-10.5467,-10.2276,-9.7773,-9.8191,-10.0076,-10.1383,-9.8764,-9.9375,-9.3192,-9.3921,-9.6400,-9.1775,-9.4235,-9.6955,-9.2495,-9.5612,-9.2944,-8.6246,-9.0900,-8.6628,-9.5561,-9.5169,-9.2295,-8.9301,-8.8949,-8.9875,-9.2508,-8.5898,-9.0464,-9.2469,-9.2397,-9.5119,-8.7201,-9.1427,-9.1065,-8.9309,-9.2466,-8.8929,-9.1081,-8.4889,-9.3327,-8.8686,-9.1481,-8.8650,-8.8916,-8.8846,-9.1011,-8.9044,-8.8582,-8.8276,-9.1098,-8.2279,-9.1387,-8.6275,-9.1181,-8.4920,-8.7760,-8.8029,-8.3575,-8.3358,-8.6439,-8.3917,-8.2927,-8.1138,-8.2714,-8.3022,-8.2251,-8.2655,-8.7103,-8.5712,-8.5717,-8.1413,-8.6375,-8.2818,-8.7192,-8.3973,-7.9115,-8.0500,-8.3533,-8.1377,-8.5939,-8.1318,-8.2055,-8.1252,-8.3614,-8.4572,-8.1847,-7.9820,-8.3904,-7.8076,-7.5440,-8.1235,-8.0628,-8.4085,-8.2086,-8.3744,-8.2062,-7.8089,-7.9843,-7.8702,-7.4677,-8.4056,-8.1684,-7.8243,-8.3696,-7.5156,-8.0267,-8.4332,-8.0907,-7.9779,-7.5215,-8.1866,-8.3286,-7.5329,-7.9866,-7.9530,-7.7690,-7.3622,-7.3495,-8.0286,-7.9209,-7.4496,-7.4213,-7.6878,-7.4224,-7.7761,-7.4247,-6.9853,-8.2989,-7.4018,-7.8393,-7.2023,-7.7128,-7.6030,-7.8060,-8.0027,-7.8457,-7.7166,-7.5555,-7.4192,-7.7798,-7.6361,-6.9771,-7.2416,-7.5290,-7.2280,-7.2357,-7.2611,-7.8493,-7.8717,-7.3679,-7.3353,-7.1620,-7.3190,-7.1613,-7.1958,-7.2869,-7.2861,-7.4875,-7.3756,-7.3817,-7.1155,-6.7957,-7.2119,-7.3335,-7.4142,-6.9377,-6.8759,-6.8006,-7.2569,-7.2236,-7.2810,-7.0968,-7.2389,-7.2019,-6.9250,-7.3106,-7.4416,-7.2101,-6.8584,-6.7170,-7.2284,-6.4615,-7.2349,-6.8859,-6.8468,-7.2053,-6.3540,-6.8778,-6.6714,-6.6491,-6.6197,-7.2622,-6.6492,-6.4794,-7.0549,-6.1267,-6.7558,-6.6736,-6.9055,-6.8711,-6.7983,-6.9700,-6.7356,-6.9618,-6.3053,-6.6094,-6.8008,-6.6791,-6.7972,-6.5770,-6.9970,-6.1048,-5.9427,-6.8728,-6.7125,-6.6583,-6.1495,-5.8201,-6.6790,-6.2267,-6.4257,-6.6685,-6.7320,-6.8378,-7.0736,-6.4185,-6.5897,-6.4455,-6.3561,-6.3912,-6.1714,-6.7872,-6.6468,-6.1156,-6.5370,-6.5891,-6.0743,-5.9773,-6.5736,-6.2003,-6.6142,-6.4068,-6.0783,-6.4915,-6.2557,-6.0127,-6.2094,-5.8743,-7.4713,-6.4188,-5.8451,-6.0952,-6.1821,-5.7444,-6.6345,-6.0586,-6.3460,-5.4198,-6.5765,-6.1304,-5.9291,-5.9206,-6.4143,-5.9846,-5.6960,-5.6503,-5.3493,-5.5242,-5.9058,-5.9224,-6.2542,-6.1031,-5.9115,-5.6593,-5.9266,-5.5644,-5.7581,-5.8508,-5.7964,-5.8504,-5.5264,-6.0606,-5.8126,-5.6047,-5.4810,-5.9498,-5.7090,-5.8321,-5.4189,-5.3048,-5.4167,-5.6091,-5.2265,-5.6773,-5.7186,-5.9281,-4.9894,-5.7167,-5.2962,-6.1078,-5.1929,-5.6464,-5.0895,-5.5505,-5.6210,-5.0485,-5.4536,-5.4227,-4.9710,-5.2408,-4.8019,-4.8732,-4.7553,-4.9826,-4.6035,-5.4046,-5.2094,-4.9526,-4.5774,-4.8999,-4.1751,-4.0948,-5.5777,-5.4235,-3.3509,-3.9039,-3.0415,-0.3665,6.4798
Total Free Energy,,,-11.7094,-11.5132,-11.2495,-11.1695,-11.0632,-11.0552,-11.0050,-10.9555,-10.9354,-10.7889,-10.7626,-10.7167,-10.6455,-10.6378,-10.6303,-10.6010,-10.5206,-10.3637,-10.3184,-10.2943,-10.2876,-10.2866,-10.2813,-10.2749,-10.2391,-10.2248,-10.2105,-10.1713,-10.1682,-10.1549,-10.1494,-10.1422,-10.1322,-10.1220,-10.1208,-10.1202,-10.1114,-10.1008,-10.1000,-10.0681,-10.0678,-10.0598,-10.0550,-10.0453,-10.0451,-10.0440,-9.9097,-9.8996,-9.8858,-9.8818,-9.8508,-9.8400,-9.8329,-9.8242,-9.8092,-9.7829,-9.7790,-9.7716,-9.7113,-9.6677,-9.6484,-9.6329,-9.6096,-9.6008,-9.5999,-9.5887,-9.5781,-9.5544,-9.5436,-9.5272,-9.5202,-9.5098,-9.5086,-9.4983,-9.4941,-9.4888,-9.4873,-9.4806,-9.4761,-9.4315,-9.4292,-9.3831,-9.3345,-9.3138,-9.3100,-9.3028,-9.2961,-9.2757,-9.2379,-9.2079,-9.2049,-9.1803,-9.1756,-9.1505,-9.1326,-9.1196,-9.1168,-9.0818,-9.0760,-9.0501,-9.0396,-9.0244,-9.0200,-9.0065,-9.0005,-8.9910,-8.9867,-8.9844,-8.9832,-8.9613,-8.9454,-8.9414,-8.9386,-8.9352,-8.9324,-8.9173,-8.9162,-8.8984,-8.8530,-8.7875,-8.7857,-8.7826,-8.7733,-8.7720,-8.7468,-8.7078,-8.6690,-8.6450,-8.6425,-8.6278,-8.6258,-8.6184,-8.6028,-8.5931,-8.5894,-8.5879,-8.5862,-8.5747,-8.5601,-8.5578,-8.5495,-8.5476,-8.5451,-8.4943,-8.4587,-8.4582,-8.4550,-8.4513,-8.4127,-8.4101,-8.4087,-8.4055,-8.3986,-8.3904,-8.3756,-8.3699,-8.3433,-8.3248,-8.3119,-8.3000,-8.2732,-8.2671,-8.2051,-8.1788,-8.1664,-8.1543,-8.1120,-8.1054,-8.1013,-8.0865,-8.0834,-8.0831,-8.0800,-8.0730,-8.0717,-8.0693,-8.0519,-8.0326,-8.0223,-8.0151,-8.0103,-8.0034,-7.9784,-7.9763,-7.9586,-7.8987,-7.8969,-7.8568,-7.8399,-7.8279,-7.8197,-7.8172,-7.8145,-7.7923,-7.7870,-7.7821,-7.7548,-7.7521,-7.7428,-7.7368,-7.7247,-7.7182,-7.7167,-7.7102,-7.6662,-7.6246,-7.5943,-7.5922,-7.5896,-7.5857,-7.5637,-7.5496,-7.5436,-7.5414,-7.5172,-7.5000,-7.4962,-7.4917,-7.4911,-7.4561,-7.4491,-7.4478,-7.4341,-7.4170,-7.3936,-7.3800,-7.3751,-7.3232,-7.3177,-7.3128,-7.3075,-7.2985,-7.2957,-7.2744,-7.2700,-7.2689,-7.2680,-7.2586,-7.2498,-7.2323,-7.2170,-7.2057,-7.1996,-7.1885,-7.1751,-7.1751,-7.1061,-7.1016,-7.0950,-7.0917,-7.0837,-7.0773,-7.0514,-7.0344,-7.0228,-7.0218,-7.0142,-6.9868,-6.9744,-6.9728,-6.9516,-6.9502,-6.9444,-6.9265,-6.9257,-6.8928,-6.8907,-6.8509,-6.8445,-6.8390,-6.7831,-6.7768,-6.7488,-6.7329,-6.7174,-6.7114,-6.7106,-6.6955,-6.6924,-6.6895,-6.6867,-6.6654,-6.6538,-6.6497,-6.6327,-6.6230,-6.6144,-6.6080,-6.5866,-6.4713,-6.4541,-6.4448,-6.4416,-6.4398,-6.4129,-6.3986,-6.3978,-6.3951,-6.3925,-6.3296,-6.2783,-6.2397,-6.2374,-6.2133,-6.2080,-6.1931,-6.1202,-5.9497,-5.9315,-5.9181,-5.9056,-5.8826,-5.8344,-5.8341,-5.8093,-5.7560,-5.7425,-5.7274,-5.6673,-5.6565,-5.4873,-5.4389,-5.3158,-5.1061,-5.0266,-4.0281,-4.0139,-3.9563,-3.7241,1.0303,8.8249
Normalized Total Free Energy,,,-6.6713,-6.5475,-6.3810,-6.3305,-6.2635,-6.2584,-6.2268,-6.1955,-6.1828,-6.0904,-6.0738,-6.0448,-5.9999,-5.9950,-5.9903,-5.9718,-5.9211,-5.8220,-5.7935,-5.7782,-5.7740,-5.7734,-5.7701,-5.7660,-5.7434,-5.7344,-5.7254,-5.7006,-5.6987,-5.6903,-5.6868,-5.6823,-5.6760,-5.6695,-5.6688,-5.6684,-5.6628,-5.6561,-5.6556,-5.6355,-5.6353,-5.6302,-5.6272,-5.6211,-5.6210,-5.6203,-5.5355,-5.5292,-5.5204,-5.5179,-5.4984,-5.4916,-5.4870,-5.4816,-5.4721,-5.4555,-5.4531,-5.4484,-5.4103,-5.3828,-5.3706,-5.3609,-5.3461,-5.3406,-5.3400,-5.3329,-5.3263,-5.3113,-5.3045,-5.2941,-5.2897,-5.2832,-5.2824,-5.2759,-5.2732,-5.2699,-5.2690,-5.2648,-5.2619,-5.2338,-5.2323,-5.2032,-5.1725,-5.1595,-5.1571,-5.1525,-5.1483,-5.1354,-5.1116,-5.0926,-5.0907,-5.0752,-5.0722,-5.0564,-5.0451,-5.0369,-5.0352,-5.0131,-5.0094,-4.9931,-4.9865,-4.9769,-4.9740,-4.9656,-4.9618,-4.9558,-4.9530,-4.9516,-4.9508,-4.9370,-4.9270,-4.9245,-4.9227,-4.9206,-4.9188,-4.9093,-4.9085,-4.8974,-4.8687,-4.8273,-4.8262,-4.8242,-4.8184,-4.8175,-4.8016,-4.7771,-4.7526,-4.7374,-4.7359,-4.7265,-4.7253,-4.7206,-4.7108,-4.7046,-4.7023,-4.7014,-4.7003,-4.6930,-4.6839,-4.6824,-4.6772,-4.6759,-4.6744,-4.6423,-4.6198,-4.6195,-4.6175,-4.6152,-4.5908,-4.5892,-4.5883,-4.5863,-4.5819,-4.5768,-4.5674,-4.5638,-4.5470,-4.5353,-4.5272,-4.5197,-4.5028,-4.4990,-4.4598,-4.4432,-4.4354,-4.4277,-4.4011,-4.3969,-4.3943,-4.3849,-4.3830,-4.3828,-4.3809,-4.3765,-4.3756,-4.3741,-4.3631,-4.3509,-4.3444,-4.3399,-4.3368,-4.3325,-4.3168,-4.3154,-4.3043,-4.2664,-4.2653,-4.2400,-4.2293,-4.2218,-4.2166,-4.2150,-4.2133,-4.1993,-4.1960,-4.1929,-4.1756,-4.1740,-4.1681,-4.1643,-4.1566,-4.1526,-4.1516,-4.1475,-4.1197,-4.0935,-4.0744,-4.0730,-4.0714,-4.0689,-4.0550,-4.0462,-4.0424,-4.0410,-4.0257,-4.0148,-4.0124,-4.0096,-4.0092,-3.9871,-3.9827,-3.9819,-3.9732,-3.9625,-3.9477,-3.9391,-3.9360,-3.9032,-3.8998,-3.8967,-3.8933,-3.8876,-3.8859,-3.8725,-3.8697,-3.8690,-3.8684,-3.8625,-3.8569,-3.8459,-3.8362,-3.8291,-3.8253,-3.8183,-3.8098,-3.8098,-3.7663,-3.7634,-3.7593,-3.7572,-3.7521,-3.7481,-3.7317,-3.7210,-3.7137,-3.7130,-3.7082,-3.6910,-3.6832,-3.6822,-3.6687,-3.6679,-3.6642,-3.6529,-3.6524,-3.6316,-3.6303,-3.6052,-3.6011,-3.5977,-3.5624,-3.5584,-3.5407,-3.5308,-3.5209,-3.5172,-3.5166,-3.5071,-3.5051,-3.5034,-3.5016,-3.4881,-3.4808,-3.4782,-3.4675,-3.4614,-3.4559,-3.4519,-3.4384,-3.3656,-3.3548,-3.3489,-3.3469,-3.3458,-3.3288,-3.3198,-3.3192,-3.3176,-3.3159,-3.2762,-3.2438,-3.2195,-3.2180,-3.2028,-3.1995,-3.1901,-3.1441,-3.0365,-3.0250,-3.0165,-3.0086,-2.9942,-2.9637,-2.9635,-2.9479,-2.9143,-2.9057,-2.8962,-2.8583,-2.8515,-2.7447,-2.7141,-2.6364,-2.5041,-2.4539,-1.8238,-1.8148,-1.7785,-1.6320,1.3684,6.2874
