Chain ID,Residue name,Residue sequence,Conf 138
A,VAL,20,
A,CYS,22,
A,THR,24,
A,THR,25,-0.0127
A,THR,26,-0.0434
A,LEU,27,-0.1216
A,ASN,28,-0.0325
A,CYS,38,
A,PRO,39,-0.0375
A,ARG,40,
A,HIS,41,-0.2491
A,VAL,42,-0.0125
A,ILE,43,
A,CYS,44,
A,THR,45,
A,SER,46,
A,GLU,47,
A,ASP,48,
A,MET,49,-0.1896
A,LEU,50,-0.0037
A,ASN,51,
A,PRO,52,
A,TYR,54,
A,LEU,57,
A,CYS,85,
A,ALA,116,
A,CYS,117,-0.0050
A,TYR,118,-0.0343
A,ASN,119,
A,TYR,126,
A,ILE,136,
A,GLY,138,
A,SER,139,
A,PHE,140,-0.1542
A,LEU,141,-0.2378
A,ASN,142,-0.6646
A,GLY,143,-0.2661
A,SER,144,0.2402
A,CYS,145,6.2502
A,GLY,146,-0.0400
A,SER,147,-0.0184
A,TYR,161,
A,MET,162,
A,HIS,163,-0.2938
A,HIS,164,-0.2866
A,MET,165,-0.3231
A,GLU,166,-0.4651
A,LEU,167,-0.2729
A,PRO,168,-0.1454
A,THR,169,
A,GLY,170,
A,VAL,171,-0.0078
A,HIS,172,-0.0037
A,ALA,173,-0.0075
A,PHE,181,-0.0079
A,PHE,185,-0.0161
A,VAL,186,-0.0629
A,ASP,187,-0.0841
A,ARG,188,0.4232
A,GLN,189,-0.8944
A,THR,190,-0.0262
A,ALA,191,-0.0664
A,GLN,192,-0.1647
A,ALA,193,

Intra-Ligand Free,,,-0.3825
Inter-Ligand Free,,,1.3015
Total Free Energy,,,0.9191
Normalized Total Free Energy,,,1.7410
